,local,global
you,0.0009298432957042347,0.17089306034588514
do,0.0006676896198375805,0.2280685304992015
be,0.00036000302343657523,0.22300170955264276
the,0.0007311974252973284,0.18736352172599935
i,0.0007434825639466982,0.2159902971677945
$name$,0.000911833466710271,0.285955661227268
it,0.0004811449484391646,0.18175273973782502
a,0.0008071170133702896,0.19409112847522314
that,0.0007064690192540487,0.19021052556733886
what,0.003115852032938311,0.22933378856495334
and,0.00035747795393972683,0.2065233737609099
to,0.0005510304425213788,0.1916467290068642
nan,0.018827011952033408,0.4943379199461829
go,0.0012066844436857435,0.2835261421209805
oh,0.0010343939065933228,0.2996940550227547
have,0.0005750577700765509,0.2094756607076187
in,0.0012084578766542323,0.24129264065271527
he,0.0011804862455888228,0.2828439681995971
on,0.0015491021646035683,0.2625064805995049
we,0.0006679875009200152,0.21053758709660264
get,0.0008304913838704427,0.21709296181090343
your,0.0020177237915270257,0.23219552568137003
this,0.0012914122957171817,0.238116723397234
okay,0.0008101190839494977,0.20386982078957427
no,0.0013879570696089002,0.27237247304181555
there,0.0007680871269919655,0.19901370326579937
can,0.0005664979257891255,0.20905752882411976
of,0.001543079103742327,0.29413662567054055
like,0.0009079465740605405,0.19769168465070164
one,0.0016460313516504625,0.29026717883966935
me,0.0017048857714000501,0.3052997080135307
know,0.0009360031949149237,0.21014416823695936
they,0.0009016429676729091,0.2557226849744809
right,0.001567610436015659,0.35621728025722543
yeah,0.000510836640993754,0.3658784839305611
see,0.0012080301256740793,0.2783566887034816
here,0.0015035834577348498,0.21175855348438732
for,0.000940397763863588,0.22000998435718266
think,0.0003707177109188504,0.25082111125400897
well,0.0010751664638519287,0.3668662220504392
say,0.0015126466751098633,0.3130209502484308
with,0.0005358182466947115,0.31425515202344767
she,0.0013715740707185534,0.20082934800518903
want,0.0012197331948713822,0.2640667181930434
look,0.0015853847776140485,0.24431239213074574
come,0.0023035526275634764,0.3554519765521901
not,0.0008197954722813197,0.2887921253984288
so,0.0010397740312524744,0.26654375808558217
now,0.0006712559196684095,0.3078084698255761
yes,0.001762452648907173,0.33010127189458194
up,0.001963929997550117,0.29240112946564323
will,0.0007646742619966206,0.32251804027254727
good,0.00262856291186425,0.2806733431116639
put,0.0012097880244255066,0.22773029282073698
just,0.0011704689578006142,0.24327353708691968
all,0.0009251747812543597,0.3613907159629698
at,0.0025167625124861556,0.2822347216886546
about,0.0042481921814583445,0.4129466248483483
tell,0.004663111482347761,0.46341493174519943
little,0.0018380620540716709,0.26603800255759036
how,0.0016065269708633422,0.25869410162027606
but,0.0005916953086853027,0.25564576655497306
then,0.0007105760085277068,0.23438675679777354
when,0.0006150918848374311,0.268429672790614
let,0.0016984730153470427,0.23153258208860028
if,0.0009312101772853306,0.21809328503237435
them,0.0008505711684355865,0.2195086805857417
where,0.0018820182697193042,0.28848443425192916
out,0.0013433198134104412,0.2863306291645761
some,0.0013968180387448042,0.2647963862809166
make,0.0011353645569238907,0.26743210820046337
eat,0.001688742276394006,0.22956300899724347
my,0.0022829823634203743,0.22370565998992287
because,0.0004773823653950411,0.24310220764052082
who,0.00567556619644165,0.42578023464830217
play,0.003934093647532993,0.3051392032196041
take,0.0011104377540382179,0.27180886109491165
gonna,0.0009530108225973029,0.2842725901495975
or,0.0008391004342299241,0.22932057246326665
why,0.0008050577981131417,0.3200291619807545
thing,0.002722796721336169,0.3812646770023862
down,0.0011439065675477723,0.3598491928178883
her,0.0009075573512486049,0.25808915641479246
him,0.001286648415230416,0.3390750987859287
very,0.0014041115840276082,0.24188171905368228
huh,0.001005034236346974,0.3636323186405963
real,0.0018382935147536429,0.25278280948117615
back,0.0016351921690834893,0.3122579670052771
his,0.002831057707468669,0.2621397790624921
too,0.0011431475480397542,0.2791789085954689
alright,0.0011872287952538693,0.2900204873997828
have_to,0.0005084942368900075,0.2431210632222348
over,0.0010088226374457864,0.255220174300816
more,0.0018656384654161407,0.3383212158088149
time,0.002001837321690151,0.32668946946035904
big,0.0016867888940347207,0.2599659093986212
could,0.0006644114067679958,0.3493917625560904
bit,0.00501742959022522,0.40445199331744486
something,0.0011437692140278063,0.2734625307928903
two,0.0010951395545686995,0.28841287512377434
off,0.0016876629420689174,0.2005390838083354
hm,0.0033354759216308594,0.5370273573010629
sit,0.0021121129393577576,0.22795904064995165
these,0.0007735990189217233,0.2296371948109388
happen,0.0038674258523517186,0.32444384016354666
give,0.0019530747085809708,0.28446797933365786
nice,0.002180912915398093,0.31938570465505534
else,0.003963668500223468,0.30539802788270176
those,0.0013357660709283291,0.2806332735588153
other,0.001680910587310791,0.23816236377416056
need,0.0012039055949763248,0.2808280562138187
talk,0.0018894746899604797,0.3535626862541179
way,0.003965573875527633,0.36275907610990055
please,0.002033645198458717,0.36876967317545617
from,0.0015718695279714223,0.3589950098785806
call,0.0021255322865077427,0.36411500093128035
wait,0.002622555409158979,0.31378108221672096
hear,0.0028374120593070984,0.28683470734451166
uhhuh,0.003461186091105143,0.5020012851558792
school,0.0017896802337081343,0.33204370732778943
mean,0.0015129010851790265,0.41349171118040673
remember,0.0016631533702214558,0.27420742752774196
boy,0.002154745374407087,0.2252794745995741
use,0.0013392262342499523,0.3360575696075201
try,0.001507711716187306,0.3558269978506654
ah,0.0035796851822824187,0.5607881808831572
any,0.001551946527079532,0.29270267668453576
as,0.0031107561928885325,0.3316677825696096
today,0.0021949131041765213,0.2743480940495304
wanna,0.0019787002254176784,0.3119320504773766
day,0.0026676919725206164,0.30741842508595685
turn,0.0018932400523005305,0.3073906614345774
maybe,0.0007461277214256493,0.40345926495005546
house,0.004870591560999552,0.40783468517305854
should,0.0018138153212411063,0.3831929117625842
minute,0.001131226887574067,0.24790371364745134
person,0.0027592907080779203,0.3619171708215666
baby,0.0044396230668732614,0.4098702145879447
kind,0.0020534098148345947,0.2944293055720658
find,0.002836733292310666,0.3861530921632974
another,0.0012556960185368855,0.268451927894794
sure,0.002048541517818675,0.4672807540431473
name,0.0038234378610338482,0.25606640401988734
again,0.0015373793808189599,0.3931759485029609
car,0.0005226800074944129,0.3137595469360217
book,0.002801795159616778,0.37128372632583195
first,0.001760757631725735,0.4131574363463183
work,0.0037836781863508553,0.2897674430054883
wow,0.004164004648053968,0.4249834526419287
through,0.004648967793113307,0.3901657865355078
much,0.002701805697547065,0.35158011503110187
three,0.0009342451249399493,0.278541370095437
leave,0.0030060443613264295,0.3304344666371679
hand,0.0020272240919225358,0.3098144381937975
still,0.002406664192676544,0.4460427827430695
watch,0.0039539722835316374,0.48318054773126196
dog,0.0037624763719963303,0.43004430375039926
hey,0.0021205761215903544,0.2874910986906031
into,0.0030269811027928404,0.3895263101839713
fun,0.003223016858100891,0.351135830631793
away,0.0026354193687438965,0.3534109380939495
cat,0.004778621658202141,0.3296355653942906
home,0.003545323440006801,0.35924606679975923
man,0.004478083207057073,0.36065054222291304
color,0.0021743429334540117,0.2871068405542876
help,0.0028219403222549794,0.35584162372475847
love,0.0035298367341359458,0.43805155108398797
water,0.0021193892725052373,0.23398036602067607
around,0.003946025581920848,0.2721293119883219
next,0.005404031637943152,0.5261809127697011
finish,0.0018506786402534036,0.2905909645925787
anything,0.0018761805125645228,0.2677791223000233
show,0.0021315599099183693,0.31544011487642776
start,0.002092295571377403,0.4269395944469486
girl,0.003910789618621001,0.4164025145309779
before,0.0009694620966911316,0.35430771174646747
only,0.0023135389600481304,0.4158609088973092
read,0.002359282225370407,0.2916685606170325
stop,0.003397029988905963,0.49907135597521834
after,0.002542285542739065,0.4230806407227621
by,0.003992560931614467,0.3647905733775969
piece,0.0014988680680592854,0.3528754216089035
fall,0.0019877906888723373,0.26358874398295007
toy,0.003393105558446936,0.3789514873255029
long,0.0044199860457218056,0.3390830581017651
five,0.0008466641108194987,0.28024647917441947
last,0.003047645092010498,0.4279774553565976
keep,0.001461191055102226,0.33451231956422267
many,0.0018901467323303224,0.26918741719219386
which,0.003413983293481775,0.39477014344494765
picture,0.0024670723712805548,0.3198712089723931
ask,0.003917513574872698,0.40427921546451295
bring,0.0025053072620082545,0.30593040124711846
story,0.003035474568605423,0.32526770104136193
mm,0.003573896884918213,0.43077814694531924
room,0.004822288790056782,0.4437743773142515
buy,0.002663309233529227,0.276323464345854
four,0.0008538385917400492,0.25398427196248285
morning,0.00369500630610698,0.38480001708983647
sound,0.00531293587251143,0.3790414081507687
mommy,0.002341815167003208,0.42800053373871205
mom,0.00447872132062912,0.4940384214992599
us,0.0020645973159045708,0.5102786001801151
drink,0.001344407598177592,0.21725088973423412
night,0.004832116762797037,0.3726646460881293
run,0.004946194589138031,0.3903708608314467
pretty,0.001914846897125244,0.33766252537053376
might,0.000989767345222267,0.38655588420786724
open,0.0023998232448802274,0.3000527874058009
pick,0.002950011028183831,0.3430456391122748
bed,0.0039393361657857895,0.28342291136290954
head,0.00221042199568315,0.3347451179898199
our,0.0020809637175665963,0.29584423614895283
door,0.003603752815362179,0.2941234124465817
stay,0.00259026643392202,0.3597475907493962
never,0.004720999134911431,0.5129028275814715
ready,0.003392383074149107,0.41176241926442103
walk,0.005895779530207316,0.44529202564388093
table,0.0031167166573660716,0.2997773782957661
hold,0.001953600417999994,0.26181112077910496
their,0.005113949901179264,0.42065610404186704
break,0.0035765767097473145,0.34593657585812954
thank,0.0024043033862936086,0.30114979187231883
must,0.002555400897295047,0.5163460179864511
listen,0.003983871690158187,0.4232325961018446
food,0.0038274969373430522,0.3470337968422048
red,0.002210195722251103,0.37164402491285065
kid,0.004765713587403297,0.4172630986732023
hungry,0.003953196321214949,0.2990955286651473
even,0.0022703672564306924,0.4606418495829341
bear,0.007293935744993148,0.3885975743035879
green,0.0028291145960489907,0.38451566866054776
old,0.004910427512544574,0.3712448173225592
move,0.0015690597620877352,0.3961463083584117
lot,0.0028538153721736027,0.418213850163737
feel,0.0029617011547088622,0.3763282329867823
box,0.0019360115894904504,0.35693685615442494
train,0.002504685650701108,0.37084172068927035
zzz,0.007569305598735809,0.5272637882953188
than,0.003707513213157654,0.36496395056226016
milk,0.0008994738260904948,0.3705020484524908
drive,0.0011977697240895238,0.35031156242451533
stuff,0.0039538916419534125,0.384940842575737
hurt,0.0033315939287985523,0.2551329866041191
same,0.003158814979322029,0.31675678220174996
hard,0.0018368586897850037,0.40542503442316213
haha,0.0050486502824006255,0.4894215529050657
hello,0.0032237693667411804,0.32272141879135274
wonder,0.004017667336897416,0.4404572435663221
ever,0.004823876278741019,0.5014473749688951
game,0.004150941967964172,0.5007031285146852
wash,0.002617092803120613,0.30412061968553006
fish,0.006243889982050116,0.538947899615615
hair,0.0021686595061729693,0.25786947253018644
suppose,0.001783222686953661,0.3666315082898781
while,0.0021381345060136584,0.4206408915106232
blue,0.0023572403809119916,0.29955375848097165
great,0.003335733162729364,0.5026666172423395
thank_you,0.0027485622300042045,0.21864525613491692
new,0.0034853502323752956,0.3273748900216611
hi,0.004035915647234235,0.3414886089398055
enough,0.002560476462046305,0.4417037781563873
though,0.0008116870215444853,0.4272665068295214
place,0.005905141149248396,0.5056499622699039
bad,0.0029620743460125392,0.40478010703630196
fire,0.0034922262032826743,0.48072539714067186
shall,0.002141261473298073,0.3625313743537424
guess,0.002729263744856182,0.4305170712055393
guy,0.003420462210973104,0.4799928698475596
sleep,0.004943218724480991,0.30960932905714245
light,0.004125960171222687,0.41508239676086744
chair,0.003383937809202406,0.25087411514777425
daddy,0.003110490940712594,0.41408250556111204
actual,0.0019020167264071379,0.4690057147774227
mother,0.006415917027381158,0.5075179461769135
friend,0.0026338696479797363,0.3371278045331155
tape,0.0034019112586975097,0.4176115659837858
top,0.002608325236882919,0.34544077462006606
cut,0.0033492326736450197,0.30446275484156227
somebody,0.0029760777950286867,0.43015660581192783
stick,0.0033035193170819965,0.3581923429783801
forget,0.003951908544052479,0.5493631565801422
different,0.0035854925711949668,0.40466297304662
everything,0.003532995283603668,0.4171857384337051
outside,0.0028277200621527596,0.4029555045035348
word,0.004520928158479578,0.3898028140996791
out_of,0.0031841758050416644,0.35780541968659396
until,0.0037740468978881836,0.46243268851494357
mouth,0.002184783258745747,0.28728335780089886
foot,0.0025117533547537665,0.3743816025972134
yet,0.0018740556178948819,0.3099059569310699
cup,0.0016964789359800278,0.29511342512074823
juice,0.0008956693833874117,0.2826600529562594
tree,0.004169929027557373,0.40518060847596493
end,0.0031330909047807966,0.49861140669736237
week,0.004716758374814634,0.4510679734314478
got_to,0.0015240086091531289,0.3788023315467067
live,0.006148910080945051,0.48474403318789283
wear,0.002060863478430386,0.20917678989592337
hot,0.003126386673219742,0.33233824091194386
animal,0.0026187047813877916,0.3084193142690831
side,0.002852875739336014,0.3906590812111965
bag,0.0016925528242781355,0.4239440552101822
cake,0.0014498329931689846,0.3046955137349546
round,0.0029046062160940733,0.29291966378319934
throw,0.002591727508438958,0.43676528140179227
money,0.0029702544212341308,0.3259963706079446
sorry,0.002908181759618944,0.34463481467322477
year,0.0022378321047182436,0.38875045542361253
always,0.0030549255813040383,0.46815350318486415
family,0.00521944628821479,0.5629429564178803
close,0.00423391546521868,0.4204888329305114
later,0.0028682436261858258,0.3736215130197522
pull,0.0015255965684589587,0.3327310360870337
probable,0.002323614387977414,0.4349123420788139
bye,0.007027909611210678,0.4712322578642779
write,0.002707831999834846,0.24165050057419257
dad,0.004431733718285194,0.5519502966294461
push,0.0029316263066397775,0.4032324609294873
tea,0.0013535283505916595,0.3303042313276381
dinner,0.001658036428339341,0.33713711834718907
inside,0.005041099729992095,0.5143736322642787
eye,0.0021086100376013555,0.344089996087228
fly,0.004437420103285048,0.4721094708187905
face,0.0020881971797427614,0.3469757695654099
six,0.0004723270734151204,0.22816882493693236
idea,0.005114093903572329,0.43331896824178007
sometimes,0.003934465550087593,0.5443862817299958
together,0.0027119838274442232,0.44640717701065946
hat,0.0023080048889949404,0.345499846674329
truck,0.0016081876614514518,0.27191873753299545
quite,0.004965294348566155,0.5200607321398378
child,0.006035709381103515,0.5216804620874294
tomorrow,0.0027193029721577964,0.3291191686537548
stand,0.002213579085138109,0.3845239309399473
egg,0.004345927635828654,0.3976556040994015
cold,0.003066523000597954,0.346395397184287
ball,0.0038228534883068452,0.4061041531759445
number,0.0021966618876303394,0.36882806307610805
build,0.002689204432747581,0.28843448797773785
floor,0.0025996238954605596,0.28056498897679283
sing,0.004241585731506348,0.3747650719923036
catch,0.0043793121973673505,0.494709039117166
wee,0.014579915574618749,0.791181066516336
nothing,0.004203725505519558,0.48457029834543364
gotta,0.0010690416608537946,0.3194424723359631
paper,0.001714431187685798,0.32284530023748104
silly,0.004032239317893982,0.4164379548154278
dear,0.0030265390872955323,0.47153778461228657
second,0.002906903143851988,0.4012470151956964
orange,0.003887104637482587,0.4421644979186111
favorite,0.00406259298324585,0.33956582249999
shop,0.0038913015661568478,0.401878504582439
part,0.005863499256872361,0.4552318118375863
clean,0.0019372105598449707,0.24564602948137404
job,0.004149146378040314,0.36093151891674446
jump,0.005665387709935506,0.46361818791406306
horse,0.003215936819712321,0.4503080714489871
yours,0.003816918893293901,0.45703322620973263
bet,0.002522428830464681,0.3320395262001421
sort,0.003995704300263349,0.3400860336248779
honey,0.002835730188771298,0.4452431883820265
apple,0.001985151034135085,0.41430461940620045
cool,0.005449393311062375,0.4778870815815126
ahead,0.004342923845563616,0.42421659136498946
whole,0.00459658077784947,0.45626377616395997
yourself,0.0031660759087764855,0.37576683794829535
bus,0.003935651532534896,0.39014591193147974
quick,0.005913849284009236,0.5140605959437466
mine,0.0073323861548775125,0.6069705806442123
caterpillar,0.004538366288849802,0.3092933251252782
coffee,0.0015455995287214006,0.24319626760820523
bath,0.004134908318519592,0.4004445820949646
chicken,0.005079209804534912,0.40009220580924587
happy,0.004423869980706109,0.37600099113106566
fit,0.0031720995903015137,0.28399488790139693
shoe,0.0011042561382055283,0.32040649588324743
care,0.006941400255475725,0.48209495798757673
tire,0.004533406935240093,0.4205013736739168
set,0.0042344042749115915,0.43043559418720334
teach,0.006478815078735351,0.5829374997194234
touch,0.0051633864641189575,0.3682274207581381
ten,0.00043560028076171874,0.31387689676599406
lose,0.005037238200505574,0.4497233535774322
pretend,0.004186646026723525,0.4707166037945745
ride,0.0016494547879254376,0.2724636693896104
lady,0.006890967914036342,0.6464518355824289
park,0.0024125556151072185,0.42968635425127866
party,0.003027849125139641,0.34220857928693593
already,0.0033534646034240724,0.40642073282565805
ice,0.0032388586550951004,0.3249720910354198
moon,0.006621534333509558,0.5073306647845792
bird,0.0029202869960239957,0.480230321663491
wrong,0.0042504072189331055,0.4441275031930655
yesterday,0.002221267138208662,0.40250014966795356
beautiful,0.00401883323987325,0.465199303549254
every,0.004732537600729201,0.4965228107450961
twenty,0.0005522760851629849,0.24191903601101994
fix,0.0025239963280527214,0.2619935077715594
miss,0.004623640227962185,0.5733776471292624
eight,0.0008542585372924805,0.30849533121571604
yep,0.0044351031905726385,0.694572564351984
everybody,0.005181684638514664,0.563986420724718
almost,0.004609256255917433,0.5484277667989946
under,0.0020274015573354866,0.354033260214183
anymore,0.004841807561042981,0.41590134916602994
yellow,0.001888609849489652,0.298856100445812
sweet,0.006312766900429359,0.554594625982851
uhoh,0.005124845812397618,0.3839248109504396
draw,0.003072166442871094,0.26668354986083387
lunch,0.0016061365604400635,0.2889009135397169
small,0.00441988640361362,0.4453674025989499
finger,0.00240401274118668,0.34664230639656246
record,0.0035302418249624746,0.350292602969799
dinosaur,0.004882456794861824,0.4507475274107451
cheese,0.0014577309290568035,0.4335366596383846
fine,0.006026795932224819,0.5403331344171078
own,0.0065331862253301285,0.4886744605747635
sister,0.0026050938500298392,0.3893897354014825
letter,0.0006528428622654506,0.3208935464770789
boat,0.0032462134505763197,0.26648243208005196
chocolate,0.0013650874296824136,0.3802833093595459
few,0.0032960018690894634,0.4064113577471836
ahhah,0.003905363877614339,0.5779619185026288
brother,0.004166763169424875,0.31390423367935316
oops,0.003878986013346705,0.41583784727239237
card,0.003903113092694964,0.5362822142051492
cook,0.003090931523230768,0.29051897032221863
cry,0.0036818126837412516,0.4543793980565216
hit,0.002470359206199646,0.4346627807891066
anyway,0.002806211671521587,0.5171234169310662
white,0.002041820323828495,0.35678820226486807
store,0.003186347307982268,0.43825601414270654
nine,0.0008386550126252351,0.3218611196383435
nose,0.002112117306939487,0.39760182130804445
uhuh,0.004110492044879544,0.43524309171953424
plate,0.002801680564880371,0.409922483967079
leg,0.0033988847452051498,0.3433222856711121
seven,0.0007659303290503365,0.28174575195926455
matter,0.00372583270072937,0.36645336453482025
tonight,0.0034693987930522244,0.4270006038970794
change,0.006034860105225534,0.5347989734206354
taste,0.003680297961601844,0.39953883868088713
lots_of,0.0025688313149117136,0.36590383607228427
doctor,0.004508650728634426,0.4677962831732463
both,0.0037168618795034047,0.33615798992975165
noise,0.0032343299765335886,0.3014323377021091
glass,0.0038327177365620932,0.4189859514800992
dress,0.0032521069049835207,0.42913007148342064
excuse,0.0029395638090191465,0.3464739404408381
special,0.005268325408299764,0.5278146093174987
half,0.0034090690314769745,0.4133629646605975
cookie,0.0016318162282307942,0.3592302406931914
front,0.004352724229967272,0.4255112641276009
shirt,0.001745324710319782,0.33801016289720665
farm,0.007406606276830038,0.4777488773190628
ring,0.004954159259796143,0.4028248595548295
cream,0.0034183462460835776,0.26335705363809325
rain,0.004872598955708165,0.4437712344412055
zoo,0.004766722520192464,0.381056661221846
page,0.0030325225421360563,0.28517114820504397
count,0.002172643488103693,0.4306393525466162
hole,0.003417290308896233,0.3423659045005645
usual,0.0039686041000561835,0.4428170465181699
mind,0.00566534649941229,0.3919405637427499
phone,0.0038838664690653483,0.32813092137022504
tooth,0.0027605692545572915,0.360452259154842
either,0.003912814565607019,0.5510756548138486
a_lot_of,0.003856821358203888,0.47661766428049424
fast,0.004432336372487685,0.48584055516675495
mess,0.003713698046548026,0.34413417697456283
careful,0.003682747483253479,0.2973638035787316
ambulance,0.0027783004676594455,0.5209639121627648
bread,0.0013994297810963222,0.4229949972209618
owl,0.007718786597251892,0.6340818283378749
ease,0.005895232000658589,0.37833848916838053
smell,0.0038439114888509113,0.37348348235498363
song,0.007508605718612671,0.4085425899928544
hope,0.0031161502350208372,0.5008225487680716
pardon,0.005983117967844009,0.4123982648438288
pop,0.006133388389240612,0.4526213529686005
block,0.003191946014281242,0.39358216972786975
win,0.005829149484634399,0.5616078506857849
near,0.005389957051528127,0.4271828192586392
grow,0.005730437380926949,0.3971112598984373
ear,0.0021568361450644102,0.39215605138687704
paint,0.0035711394415961373,0.4457544915832592
tv,0.006128526252249013,0.49011478975798717
may,0.0027312532067298887,0.46610503732303943
dollar,0.0015826843403003834,0.4242758902829592
line,0.006284915738635593,0.4698196510426861
swim,0.003262475613624819,0.34707796059143914
drop,0.00438267953934208,0.4145059807801543
blow,0.0044148266315460205,0.43131955489925733
wheel,0.002338249236345291,0.36763471210086607
leaf,0.004983526818892535,0.4586234104472118
couple,0.0036147885462817025,0.36736617037604835
monkey,0.005265003926045186,0.4117555247773902
pig,0.006539194872885039,0.5715079613348224
thirty,0.0012127346005933039,0.29407732309103507
spoon,0.001873375908021004,0.3787249976566447
sun,0.004350203606817458,0.33770433398562805
hospital,0.003959096395052397,0.5067236354756155
anybody,0.003080128095088861,0.40575176686805126
warm,0.0036769171018858214,0.28547497923214504
bottom,0.006106281653046608,0.5257217387108983
roll,0.004883710075827206,0.44781861620352303
once,0.005223880708217621,0.5826998918044699
along,0.006828742101788521,0.5326838058422756
breakfast,0.001532212776296279,0.25619131525757344
learn,0.004942777065130381,0.48004331467977646
dirt,0.00399658169065203,0.38483902657017943
nobody,0.005821391063577989,0.45494117520577426
meet,0.006380202372868856,0.4997791458023336
hang,0.0035364128447867727,0.43256255526654774
sandwich,0.0015015041126924403,0.3917575799263472
hafta,0.006128560929071335,0.6209585870769914
window,0.003156473860144615,0.42526195091464614
soon,0.005045567240033831,0.3743869816131026
quiet,0.004220594059337269,0.415231739872582
laugh,0.004813477396965027,0.4542891986320623
able,0.0037967443466186525,0.42426887865651775
full,0.00447278552585178,0.49411099900538735
black,0.003581183297293527,0.45187981270577127
problem,0.0027546559770902,0.389215033616377
kitchen,0.007557178988601222,0.5404391471710281
cow,0.004666602611541748,0.31690700828425844
scare,0.004949515865695092,0.4032917178083263
someone,0.004228156966132087,0.6057558694087597
bottle,0.007049659202838766,0.5532403666550292
street,0.00613771915435791,0.41147857315923597
movie,0.00507962703704834,0.4277347380298069
wet,0.002700402055467878,0.28105849258645343
ooh,0.0037977716752461027,0.4395573077976319
bite,0.004661039302223607,0.3471692216787874
high,0.0030489779180950588,0.30661881188956785
flower,0.003087448662724988,0.36990562100989177
thanks,0.0052926560928081645,0.5000563844796363
o'clock,0.001819972481046404,0.26823788851702957
neat,0.0039483577013015745,0.36252235760480267
arm,0.0024242894402865707,0.3529657964123698
carry,0.004521525675250638,0.36393185803263084
balloon,0.007590497915561383,0.5254441372036456
loud,0.003554364045461019,0.46937897885268753
sugar,0.0022828308018771086,0.39194822950568675
supper,0.0033438503742218018,0.36885342755570183
understand,0.0027138167811978247,0.3970115150441511
knock,0.004419719471650965,0.3437573730066785
aye,0.0034756362438201904,0.45975446203976367
pay,0.0027845402558644614,0.42269749669590406
check,0.004910659145664524,0.5257902710142781
left,0.006071545575794421,0.4928684477333761
puzzle,0.0030922954146926467,0.36444058183468564
clothes,0.0021889700609094955,0.30321996799531326
tiny,0.007528962627533943,0.43585312859319625
rest,0.005251035457704126,0.5075422272855249
meat,0.0018989097687505906,0.37798934440033416
fight,0.006662716865539551,0.44670676586925095
space,0.009099077847268846,0.735734022913324
believe,0.005258982118807341,0.5142783980921033
trip,0.007092006278760506,0.476923713010447
present,0.0030465126037597656,0.3357702037025877
tail,0.002877268099015759,0.4512202448134629
late,0.00676892910684858,0.4194300505966856
past,0.005353104737069871,0.6007262373588574
bean,0.0032690132365507238,0.5307442733760879
microphone,0.003797422956537317,0.3352882174363171
dance,0.0048172512362080235,0.5198785225525133
fat,0.004230540659692552,0.4540544607597756
worry,0.005092170089483261,0.4855283334465592
butter,0.0018636307546070644,0.3636557168145109
rabbit,0.004057716382177253,0.46110442344457825
poor,0.0030416267258780343,0.4404519127201797
doll,0.006227319177828337,0.535005759806061
yup,0.007745112433578029,0.6558201910790649
track,0.0029844278874604597,0.34789069802406913
ma,0.0028575094970496925,0.49851568484568654
potato,0.002267890685313457,0.43972216309164536
garden,0.009086217880249024,0.48449051987601877
bump,0.007478265993056759,0.36609762099485754
hide,0.0027684688568115233,0.4556468236943094
hurry,0.007225659585768177,0.583895147689278
cause,0.003630371470200388,0.4878251245956118
sick,0.004795213540395101,0.4272314513792883
hour,0.0021935393070352488,0.28939964438628984
och,0.004043519496917725,0.4833935337824423
mouse,0.004753611304543235,0.5885223894212795
building,0.0030207019299268723,0.36420922825295854
whoops,0.001953464129875446,0.2693031555898373
duck,0.004591356962919235,0.41866576877954753
chimney,0.007356811214137722,0.6479184899075541
bowl,0.0021429378539323807,0.3977710375271921
far,0.0036635283500917495,0.4709961098771739
road,0.003146537419023185,0.45712110410028484
save,0.0044555251414959245,0.45300451920498885
seem,0.004099422030978733,0.3953739163839596
machine,0.006240329959175803,0.6270627361295807
saw,0.00475377341111501,0.503721621254464
brown,0.005977228630420773,0.6497545170865311
without,0.00515403634025937,0.5497851412933688
behind,0.0030357876131611485,0.46258738563982515
coat,0.0014414899051189423,0.3336490464387639
since,0.0033937909386374736,0.4817136331537375
interest,0.006273509994629891,0.4312258793907676
star,0.006503183501107352,0.4217447299365672
point,0.00944692747933524,0.6358273289968023
kitty,0.0055525582283735275,0.47396114695775793
lay,0.004700667930371834,0.42277062789145947
upstairs,0.005143649650342537,0.34735224116113284
each,0.005811716829027448,0.5899719951350095
spell,0.0016171038150787354,0.36095540442257656
rice,0.002585994079709053,0.3695921769157623
brush,0.003646125053537303,0.27071030529855744
nursery,0.003946698230245839,0.4373711589478413
middle,0.006572778522968292,0.4542811246555535
spill,0.002511531114578247,0.25236458733450906
strawberry,0.0020939994741369177,0.3585663658444608
helmet,0.005577287890694358,0.5066217907959487
you_know,0.003953247234739107,0.4025542501188718
slice,0.0011115650335947673,0.16573253127105148
slide,0.0035023045539855956,0.45518884916870483
corner,0.006811823393847491,0.5333719144258999
cover,0.0043621093798906375,0.4987780530064556
wall,0.005253697142881506,0.3686917440483036
sausage,0.0021004907546504853,0.37375102652253633
such,0.002632663105473374,0.38629318820542136
father,0.0049284638897065195,0.6320053437234878
stair,0.0056423442117099105,0.4334733020600907
teddy,0.0070700969014848986,0.5851462722671249
pour,0.002367165780836536,0.3094254491683822
trouble,0.0064865704625844955,0.5467172411813614
question,0.0040618260701497395,0.38390558405257424
class,0.002869207125443679,0.5003228423598196
early,0.003835876782735189,0.4326001764962025
corn,0.005900510719844273,0.6844576511862062
wind,0.003234321580213659,0.41550668623010256
straight,0.0050421903530756635,0.5811351553403717
shake,0.007120180130004883,0.4793205339091907
most,0.0061941080623202855,0.4793683575623867
climb,0.0026555974036455154,0.4110172090233687
voice,0.005240983622414725,0.43960692296271686
wake,0.0029930560677139846,0.2876739268368158
somewhere,0.00544794880110642,0.4630586007856632
pass,0.006921090577778064,0.517838696517221
shut,0.002409309148788452,0.3162676527321766
alone,0.004615502479748848,0.4310442943318682
hundred,0.00633233327132005,0.5412456727373345
purple,0.003840040076862682,0.5198042145716908
oh_my_goodness,0.0037407384199254655,0.5006252972382046
feed,0.0027849656162839947,0.27487600778030474
monster,0.006456822156906128,0.6166068378959622
also,0.005141489207744598,0.6456773513225098
engine,0.003064364194869995,0.35278579501473806
bone,0.00612808712597551,0.5844551457525937
candy,0.002634989909636669,0.46900885491870004
snake,0.009592048499895178,0.5495586550271029
pound,0.002416394907852699,0.4464862264314843
b,0.0002575492858886719,0.2788462992132752
has_to,0.005796631862377298,0.5574296726025757
ago,0.002696101007790401,0.33858828089950244
till,0.002386320859957964,0.4418306578891138
o,0.0006065254028026874,0.2941206869433508
snow,0.006878087297081947,0.4690553292393276
dry,0.0026490634137933903,0.343019206822777
instead,0.005156718767606295,0.593298808063387
whose,0.0038911119485512758,0.4178604426152692
battery,0.004090156406164169,0.37586459360692315
tall,0.004204606016476949,0.49140116455728555
darling,0.00470939427614212,0.6006820290111259
bike,0.0021432731300592422,0.32649713199369135
so_that,0.004919235408306122,0.7293979463677687
bunny,0.004213273525238037,0.4590473958910549
beach,0.0034546498209238052,0.3428338825157492
seat,0.00461948745780521,0.49241776048249764
whatever,0.005272518311228071,0.5818149434221499
airplane,0.006261625460215977,0.5134108870099352
pie,0.0024133420759631743,0.5156103285680274
himself,0.00556248748624647,0.3828393580477957
fork,0.0023745625249801143,0.37331214358792575
nope,0.0029196688107081823,0.41636710684809786
air,0.00449031766723184,0.4064156321343797
figure,0.005067521875554865,0.3879724876534866
dark,0.004879097143809001,0.4804553780313804
toast,0.0016108115514119467,0.2810388898300763
pink,0.00390410754415724,0.4091668480108752
its,0.007286300882697105,0.4866079084064372
rock,0.005852086469531059,0.4903625023052104
soup,0.001454801328720585,0.31867754114751834
tie,0.0022440459579229355,0.3769412282256632
circle,0.004552844692679013,0.42885858408912103
elephant,0.003366342612675258,0.5647695826714356
button,0.0033924807520473704,0.3945655892916279
surprise,0.008104070144541124,0.4725401794506501
frog,0.005221316107997188,0.43163042337873936
roof,0.006987302467740816,0.5079958238148564
mummy,0.004132906595865886,0.41582444073096536
speak,0.006065658901048743,0.4405460893339769
trick,0.004734714288969297,0.4986901126598715
swing,0.004875531702330618,0.5726717216685919
summer,0.004521258415714387,0.47385241985766635
dish,0.0035938341170549393,0.39558083615068795
wipe,0.003405531815120152,0.3230948423151907
heart,0.006549439009498148,0.5401430257957541
d,0.0007479124599032932,0.2888905613191043
begin,0.0028160702098499646,0.34672542342074153
decide,0.00804945538120885,0.5628424971628442
fifty,0.0009624149118150983,0.4379668649861854
cross,0.007226397251260692,0.5670513989892291
wave,0.005493902497821384,0.5496074512837505
pair,0.004008674994111061,0.4794341528900756
pocket,0.003142120260180849,0.3685829591122285
fruit,0.002325150099667636,0.38813086635552296
ticket,0.00584317318030766,0.5084166461264721
carrot,0.0021427560735631872,0.4799938784902037
telephone,0.004600637945635566,0.4494613455206543
awful,0.0029127142931285655,0.4526581313875192
exact,0.004725511257465069,0.6218137279651303
sell,0.005999081134796143,0.42682951781989764
boot,0.0035414937380197887,0.42440123890402537
everyone,0.006242115246622186,0.5428878978990048
screw,0.00335115028752221,0.39327090030000145
wish,0.0040516240729226004,0.542963756665164
biscuit,0.0016798808656889818,0.39769245846667955
plant,0.005387544631958008,0.46112019733584675
myself,0.006367966984257553,0.38018240749275467
picnic,0.008387958181315455,0.43528066533637866
s,0.0004774785041809082,0.24798278413234687
belong,0.004859913672719683,0.4003318530654322
pot,0.005470573902130127,0.5509352542387688
bother,0.004793008168538411,0.5216185085077191
pear,0.0018009117671421596,0.3625557077734112
snap,0.004923047497868538,0.4522107648471205
course,0.007357635805683751,0.6463968966281305
police,0.002608593021120344,0.4153922770392935
kiss,0.0038699090480804445,0.45433393264460076
sign,0.004830720248045745,0.6077498228405172
e,0.0003979182243347168,0.24296562003828548
lift,0.0035750233765804405,0.46996753616732057
hook,0.0036532402038574217,0.3753882388223966
salad,0.001481704987012423,0.32288430018594916
cute,0.003307374194264412,0.32705254204930245
perhaps,0.004809786533487254,0.6034201567632129
mum,0.007870740962750984,0.7502053139447304
luck,0.005732879494175766,0.5035295716766098
busy,0.00530543748070212,0.4565181198577467
shape,0.0037748633009014707,0.44852047747871127
mad,0.0034845681751475613,0.4302444659636925
pack,0.006894304071153913,0.5043798616660987
as_well,0.006980180740356445,0.6443347821635137
hum,0.007049361864725749,0.7870430387315555
napkin,0.0028307069750393137,0.32741449526743094
send,0.0047806280630606195,0.5632672383499496
mix,0.0035675311910695045,0.4432817425601141
woman,0.007125884294509888,0.47766570412911613
afraid,0.005848015348116557,0.4795471597535935
short,0.0030859306051924424,0.42878214488451716
life,0.004100122054417928,0.4907739445631135
my_goodness,0.002376214663187663,0.4446275426398447
bin,0.003069194725581578,0.4014610554389455
whether,0.006718993186950684,0.6031832035323148
soap,0.0033726128371986182,0.5110375701508182
spot,0.0062933918088674545,0.49839801959626284
afternoon,0.004297748688728579,0.5414568088358193
aw,0.003660690039396286,0.4564643009360393
size,0.005237885010548127,0.2712410213214259
certain,0.0061521653471321896,0.584406502478789
plane,0.0035038252671559652,0.3826570559842425
shoot,0.013104852168790756,0.6069916349984178
step,0.004543463926057558,0.6720391197347211
die,0.009795030821924624,0.7311714491426129
visit,0.002803329159231747,0.3716830878493673
answer,0.00651511549949646,0.5319042563889328
dump,0.002983279526233673,0.3766218314167762
across,0.00600295489834201,0.43575365770138563
slow,0.0037844981998205185,0.3608477702457811
naughty,0.0048305273056030275,0.4676573939632749
hose,0.005819543548252272,0.43826782390529584
penny,0.004085671018671106,0.4356248468827988
apart,0.004633120695749919,0.34912522421622394
brilliant,0.004209917325239915,0.4332231216203658
t,0.00042710065841674807,0.2710850992691608
pool,0.0033539456705893238,0.40243927379273703
ow,0.006832934342897856,0.44603045875881353
dream,0.005974727292214671,0.4279103125124315
towel,0.002495991833069745,0.343385612205955
m,0.000380784273147583,0.2427867888212195
tiger,0.0036012716591358185,0.390214645836243
ground,0.004965484142303467,0.5459713111017919
race,0.003047717340064771,0.48857540682568223
gosh,0.0032812584848964915,0.45171369458190924
land,0.006524832712279426,0.48734656087799877
c,0.0003354527332164623,0.22276202149924829
snack,0.0026825615337916784,0.5212191518454512
knife,0.0024617135524749754,0.4619012075613198
look_it,0.0055226663748423254,0.47740866453802233
excite,0.005200917720794678,0.4822884353944158
p,0.0005782888485835149,0.31554161607027864
forty,0.000980822103364127,0.32778400315983747
reason,0.003490914617265974,0.4230731987043972
smile,0.00350423397556428,0.4062011488760786
strong,0.006090208888053894,0.401484045708842
soft,0.005290983301220518,0.4547439448035735
cloud,0.004800878252301897,0.5110517543443123
key,0.003818401518990012,0.4932747526440422
jacket,0.00201275572180748,0.4565319586800859
lion,0.003032984212040901,0.5316545662563555
proper,0.00499424257793942,0.47152127110578035
lie,0.003537229129246303,0.3854671626957086
glad,0.005817887683709462,0.5320782792074055
king,0.007988853113991874,0.6025697073684797
choose,0.004507818737545529,0.46941346086057334
being,0.0041015045983450755,0.33196708556041077
sad,0.004800005205746354,0.3375041872312936
tip,0.005106749013066292,0.43166812799659393
young,0.005609743735369514,0.5405140514581341
bunch,0.006837363753999982,0.5896241211203945
downstairs,0.005280887258463892,0.42745589173567067
between,0.008708483186261407,0.5701357429535036
quarter,0.0006380911384310041,0.3399778174950878
chip,0.0019507064963832047,0.44004555168018766
eleven,0.0004825041844294621,0.21740712949261898
cherry,0.00226170350523556,0.4064714380960117
twelve,0.0006928912230900355,0.32536670018255687
music,0.0057368536790212,0.4477815219458253
spaghetti,0.0012175639470418294,0.42732419659828347
sock,0.0008486159916581778,0.3358734508675073
stomach,0.00651916116476059,0.42805160568445033
freeze,0.004652123791830881,0.5652026967013715
month,0.0013635445524145056,0.36012765541012337
true,0.0070910296019385845,0.5594423615965027
wood,0.008160982813153948,0.4827095808535974
soda,0.0024111764184359848,0.47587605833523006
crayon,0.0022888728550502233,0.3332409927236425
banana,0.0025732806750706264,0.4565172405100941
goodbye,0.004905635118484497,0.5083340077333377
heavy,0.004545265230639228,0.38994248206581683
oop,0.0041841694286891395,0.413594897021791
station,0.0019716044952129497,0.3830625514926981
toe,0.004310873421755704,0.46761353684565343
mark,0.003485262393951416,0.5200271476525893
television,0.006277973453203837,0.49698023090350774
oven,0.0026198383420705795,0.3265374564556339
hate,0.006795701384544372,0.6191347816550181
cone,0.002551509274376763,0.3140334972371762
dessert,0.001129312440752983,0.29968528474734346
dig,0.004330054406196841,0.5237853282667622
notice,0.004826930165290832,0.48112121205279623
giant,0.0060097575187683105,0.5891849572137826
god,0.004053303488978633,0.5247830986566783
moment,0.004960976979311775,0.4325887207910022
fifteen,0.0006354795052455022,0.33497300127528096
smart,0.005004698579961603,0.49733985260339764
knee,0.00275698635313246,0.4695973997569566
basket,0.006411355402734544,0.6199024960462697
whoa,0.0035521586736043296,0.4656854308869117
magic,0.007002157323500689,0.5060637988625368
plastic,0.005272960340654528,0.5305607059012497
string,0.007072083047918371,0.5249621666613855
goodness,0.002467930316925049,0.371331172418903
n,0.000409148633480072,0.23623488457221098
press,0.003180321809407827,0.3776450666120539
cmon,0.004909925601061653,0.42452028373769923
fill,0.0043130670824358544,0.4440059408743887
tickle,0.004827185984580747,0.44342250240543246
toilet,0.0036132028608611136,0.4951321261521945
body,0.005668434657548603,0.6041508111885985
plum,0.002024222822750316,0.42237947816831256
enjoy,0.004140377044677734,0.4049866194731072
onto,0.004345869316774256,0.45347350634662464
burn,0.003937668034008571,0.4837399696010265
salt,0.0023133118947347006,0.3168969452245458
welcome,0.004954800009727478,0.5207200561930287
fair,0.007812484618156187,0.5247056015581693
garage,0.001239461898803711,0.33176566776928895
yum,0.0034493481119473777,0.3216239371441795
cereal,0.0014436761538187662,0.4246812611052122
asleep,0.004997952417893844,0.3501657313051829
tomato,0.001155634011541094,0.3328535041544316
bridge,0.0025394814355032785,0.3266987912737451
world,0.005487195319599575,0.4655162048786968
powder,0.0029162963231404624,0.4604029084451662
sauce,0.0016175125326429094,0.40418753009912745
underneath,0.0036167320277955797,0.4824441380816411
terrible,0.006459663595472063,0.6461742087025721
shout,0.004891111453374227,0.4663597710238704
fox,0.005574770271778107,0.44426909788622926
skin,0.007494381245444803,0.4484762610807419
kick,0.005168689835456109,0.5400558646807243
chew,0.0036185198816759833,0.5827336260303984
rather,0.005680327352724578,0.5102450421945546
sand,0.004794997327467974,0.5482000081529457
yuck,0.004110494564319479,0.39501899780806404
ship,0.007895082235336304,0.5161507657932412
office,0.0026963800191879272,0.28403993262674143
r,0.0005177164077758789,0.22267830750208728
delicious,0.0032031163573265076,0.2145460681471535
grass,0.004242231768946494,0.5307853495300773
post,0.002646898850798607,0.3891972586715823
sky,0.002900356596166437,0.42637839677928946
snip,0.004801624699642784,0.40253184645466455
next_to,0.006431286985223944,0.46198799077062314
absolute,0.00942333738009135,0.6128379272730158
bubble,0.0033611617982387543,0.41145767417612666
reach,0.004907189046635348,0.5506926032048998
imagine,0.011616554260253906,0.6475538584610797
pencil,0.0030441880226135254,0.3662559296618696
fence,0.007234845091314877,0.5131657581243378
pants,0.001980491222873811,0.2861268520816145
grab,0.007595035008021764,0.566556511720383
beat,0.011674920032764304,0.6821507039420538
pizza,0.0026205290447581897,0.456846201835877
chase,0.006231252104043961,0.5260778996101343
tummy,0.0021519987813888057,0.43434766564414884
load,0.0036325931549072267,0.45913755215408814
case,0.006227376063664755,0.46464789761276126
empty,0.004162524685715184,0.4463525374482652
anywhere,0.0065645529673649715,0.4939239892201982
drawer,0.00408050688830289,0.4470186461835576
tissue,0.003953244537115097,0.3609375365652998
tractor,0.001521119847893715,0.40091814673160664
bug,0.005225063981236638,0.5804049866261702
bang,0.0031159213611057827,0.39686922373417954
share,0.0038010552525520325,0.4660899225179357
chop,0.005736885326249259,0.5462563821749481
remind,0.006229439297237912,0.4770817335473203
shh,0.004697997655187335,0.412466008069852
pet,0.00671114631601282,0.5820385120682391
lock,0.003861469881875174,0.5081234395233837
scratch,0.005907985471910046,0.5068780024686921
fact,0.004790703455607097,0.5103255209330085
least,0.0045582569307751125,0.6353761022767415
holiday,0.0051920243671962196,0.5126210589629536
bucket,0.005887619380293222,0.46557540510989404
squirrel,0.006574180196313297,0.5219509160951807
strange,0.005576539784669876,0.5310160345755193
pen,0.005118818118654448,0.4885144655507285
match,0.0032189928349994476,0.44433696859480143
bell,0.007100105285644531,0.5157596329560517
follow,0.005583961804707845,0.5274108748546135
shampoo,0.0038431520972933087,0.4846271405170254
tight,0.0031479133499993216,0.4416081143968278
pickle,0.0023127198219299316,0.3273284817241927
sudden,0.005913415923714638,0.6026741596879988
mat,0.007407082830156599,0.686045843324463
carpet,0.007720822947365897,0.6096591732370925
clear,0.007539333775639534,0.6082951143786157
crash,0.005194125697016716,0.43262297594606647
flat,0.0053013751381321954,0.4843968691345747
fry,0.0014302896128760444,0.40970867903099106
lollipop,0.0024790823459625243,0.42786353114787123
glove,0.0024484116584062576,0.4717675955339219
hamburger,0.0012782451353575055,0.4286349352165193
sticker,0.004891186952590942,0.48821945243687204
pussy,0.004846310243010521,0.42651672452338785
worm,0.009842626510127898,0.4818269545028917
clock,0.005856429988687689,0.5095574267222651
video,0.00427699089050293,0.5502914776790557
dead,0.0060966881838711824,0.47915751120973005
pin,0.005061748954984877,0.5773595143341159
lettuce,0.0010908726722963394,0.2823845180018929
kill,0.005454167723655701,0.5031545808207696
puppy,0.004786689491832957,0.43004359433427586
grape,0.0022448131016322543,0.4176021655137935
h,0.0004047393798828125,0.1999671135035087
spider,0.00865042582154274,0.533116056276119
upset,0.003258516913966129,0.4873300201825054
closet,0.006286878739633868,0.43688671051996797
extra,0.008972340822219848,0.6088840831300862
square,0.004018175601959229,0.5154043947383612
anyone,0.004887820901097478,0.4780086338545124
pa,0.004856156185269356,0.5308369041608139
taxi,0.003823159202452629,0.5103985950024112
bank,0.004721408089001973,0.6209826104561218
gum,0.004766883272113222,0.49663206747201405
craze,0.010853641562991671,0.6630647524732411
unless,0.004813079039255778,0.6034900214996131
kinda,0.005529015404837472,0.5737234393697912
beep,0.005347073078155518,0.42580870380917435
upside,0.0034786212828851514,0.42088476352477633
age,0.0033498081293973055,0.45855437962374723
fresh,0.0038751536800015357,0.5108971592275497
normal,0.009220171433228713,0.5878764014785465
garbage,0.004057907006319831,0.3640586809761033
slip,0.005081076832378612,0.4752021365242771
turkey,0.009825370141438075,0.6255806979189594
castle,0.004034878952162606,0.43812394518765785
town,0.008056404012622255,0.6241497448517364
straw,0.007948219776153564,0.6043281209250446
scissors,0.002525864328656878,0.47529320994284285
rush,0.006597465084445092,0.5306511813913364
ssh,0.003167478811173212,0.43291964449197795
mama,0.006095496937632561,0.5697531147887589
pan,0.0029642202637412333,0.491022103725931
clap,0.009032053332174978,0.5100632025949432
meal,0.0028785370491646433,0.42148151540257806
nibble,0.006580128119542048,0.4365808936425991
rubber,0.006168093751458561,0.47286221448229315
board,0.007082809420192943,0.5477723153027761
lego,0.0034199066651173127,0.48401554429437776
bake,0.0023473693478491997,0.46673375482113744
l,0.00032846877972284955,0.22642350484835794
salami,0.0019295705216271536,0.181641561188844
ache,0.0038007064299149947,0.2859882385066115
neck,0.0031195669560819058,0.31793321375881745
bee,0.007820421457290649,0.559992181617126
perfect,0.006275008706485524,0.5460609457727664
pea,0.001760108130318778,0.47969699241903285
jelly,0.004032645906720843,0.5154436402172979
otherwise,0.004543122123269474,0.5391758538238252
son,0.006278142333030701,0.5621774286819619
super,0.008216818858837259,0.5934826162394846
allow,0.005133450031280518,0.4744066791431054
sir,0.006898212432861328,0.5594856189877029
difference,0.00820402083573518,0.5313566127449091
turtle,0.0033432226027211836,0.5178085641789468
sheep,0.003423405545098441,0.468392246669767
barn,0.0038412544462415907,0.43101144204782527
kitten,0.004728077089085299,0.5009420754138145
drawing,0.004108411925179618,0.5153423540638806
van,0.002100280353001186,0.5254319674816591
gorgeous,0.00795314425513858,0.36292943973244285
mister,0.013207438588142394,0.6926742844296044
nurse,0.011752795788549607,0.703250475568372
test,0.005581426209416883,0.5632252512052962
safe,0.006317862693001242,0.5916902334180533
pipe,0.008618714809417725,0.7106895908297162
ladder,0.0035285662721704554,0.30456238160220994
rubbish,0.002808965485671471,0.3760955426993903
lid,0.0026374266993614936,0.295521310345057
lorry,0.0036510273262306495,0.4884733138539139
sink,0.003552177974155971,0.3827561057820701
bore,0.010651308298110961,0.6825066197344831
seed,0.005510058896294956,0.4676639132060625
stretch,0.008284121751785278,0.5936437750235533
yell,0.006018531322479248,0.5639286710000277
backwards,0.004620008396379875,0.46388922261467247
chance,0.003841209742758009,0.4924937437738407
peanut,0.0033307900795569788,0.6200010835385122
manage,0.00780520193717059,0.520485841976798
hop,0.00621537710058278,0.4044915865584864
horrible,0.004776785248204281,0.5250978584138031
nail,0.0029914739884828265,0.3364012197046691
medicine,0.004554196766444615,0.5180765193639816
swallow,0.007295982195780828,0.6305317538750732
vacation,0.004288146893183391,0.3500843337212023
vegetable,0.0009435670716421944,0.40307203395269453
umbrella,0.005196814735730489,0.6118551636780764
tongue,0.0031776312324735853,0.34641259295738003
except,0.0058713539650565695,0.49613606810798894
punch,0.007959283888339996,0.7319761770344498
shark,0.005595692881831416,0.5908169555928232
wrap,0.005067284169949983,0.5271604112480761
cousin,0.003967975080013275,0.49017857120080244
accident,0.006826588601777048,0.4751045468566091
comb,0.0034226860318865094,0.332817165606756
against,0.006483044226964315,0.41394495782674545
cheek,0.004640653277888443,0.636352243706576
plan,0.00568779706954956,0.42736658274169015
clever,0.005662538607915242,0.35672262099189167
cracker,0.0012338069769052358,0.34647716942992335
city,0.01328098490124657,0.5686069968365159
w,0.0010713476401108962,0.29176559346109376
ha,0.007347709602779812,0.5781753185554941
pirate,0.00961235910654068,0.7003267226068608
rescue,0.010689791291952133,0.7456379627094085
dangerous,0.004321328524885507,0.45648745433656635
church,0.003470947965979576,0.5592665904654994
rip,0.004224026203155517,0.40645927566791895
pant,0.002016305923461914,0.5208019333464204
wagon,0.0023384381984842234,0.41712890029980654
cupcake,0.0023169784710325046,0.18529712922099784
important,0.0041355748971303305,0.47430463195257355
promise,0.0052357621681995885,0.5360307314562119
sea,0.0044677209854125976,0.5375656161679532
french,0.0022732959343836857,0.4150094189338137
sneeze,0.003946435066961473,0.6264132930990789
dragon,0.004767587956260233,0.5391142089931507
g,0.00028805434703826904,0.2893183888178934
spend,0.0036146270817723767,0.4306504040759178
compute,0.004098296165466309,0.604132288061045
collect,0.005771846682937057,0.5294542920433845
glue,0.004196604092915853,0.526256318401572
uncle,0.008711854616800943,0.5245908668143939
dirty,0.0032097136273103602,0.45409782627786155
wing,0.0062829918331570095,0.4784242886779868
ho,0.005355745553970337,0.4082786950037227
realize,0.008034988244374593,0.5423623192451332
free,0.0055414569087144806,0.5678033555490041
puppet,0.008127026698168586,0.4910450687908604
scream,0.0027094738824026926,0.4477170545276159
pepper,0.002454212217619925,0.49731678990582895
nap,0.0032704095045725506,0.47503065287914026
bless,0.003255645434061686,0.42023264284300677
charge,0.003365547568709762,0.5429797901535627
restaurant,0.003908991813659668,0.46022607973403906
soccer,0.0071998462080955505,0.5913652586391194
trouser,0.0028436923849171607,0.46146974985353784
library,0.003962066438462999,0.44160408324877953
business,0.00836108739559467,0.5692070410228812
third,0.0037351598342259726,0.5165229575265453
oo,0.006698792800307274,0.603954361217395
tool,0.0028757021344941237,0.34358292061477724
joke,0.005332105087511467,0.5381679690134595
jar,0.004465931170695537,0.6288218412713709
passenger,0.010071171447634697,0.6088410936688231
shot,0.0062206056382921,0.550725972111781
curl,0.00428947178941024,0.48390934221648796
group,0.007584040363629659,0.46510366857442775
frighten,0.003911561625344413,0.45113614369967536
above,0.005132600239345006,0.49831232036919904
definite,0.005238861538643061,0.6705987746620239
museum,0.004531540473302205,0.4566084636640465
fold,0.003173742029401991,0.3659823191164697
quack,0.007171151041984558,0.41903203964610136
steal,0.007283915172923695,0.6317603057832164
broom,0.006115598337990897,0.6291061928036643
drip,0.007307158275084062,0.39096643229177797
pancake,0.0016323702675955637,0.5112653038026422
gee,0.0037130501962477163,0.4856266682212381
u,0.00046369930108388263,0.1923718296712419
radio,0.00418309768040975,0.5183762773662388
in_case,0.005813842160361154,0.544862142445904
wire,0.004119346539179484,0.49329661555473514
k,0.0005459833145141602,0.239338336519047
pillow,0.005477268248796463,0.48981781915122347
camera,0.00440044142305851,0.4543542960481781
fool,0.010993895859553897,0.7506162626519124
boom,0.004447271426518758,0.4320839810917586
broke,0.004342386216828318,0.4745446770529842
honest,0.003764918356230765,0.3793165509975742
act,0.005398320429252855,0.5354769703233018
thought,0.006481649620192391,0.6670379441621421
during,0.0029506285985310874,0.450368335557113
east,0.0053373972574869795,0.5645605874333521
tear,0.006005624930063884,0.45626026730269165
carriage,0.0027968219348362515,0.42643681684317203
plenty,0.003665727727553424,0.5116115202772149
nah,0.008290518213201451,0.5220399014926735
angry,0.007533056120718679,0.6132936429420077
sweater,0.0012561125414712088,0.3636899187834116
tray,0.0038536667823791506,0.4126100894793384
add,0.00759049654006958,0.583930787742859
order,0.004916518023519805,0.5711518026361393
possible,0.0053227560387717355,0.5176690110296479
bend,0.005155084906397639,0.4923975814836786
sixteen,0.0010031784574190776,0.3676995185996774
serve,0.006296757857004801,0.4704939628280792
parent,0.003936890761057536,0.5458205890900139
wide,0.003893937170505524,0.46783825857020234
rule,0.008194945075295189,0.613261990087371
brick,0.0030909426072064567,0.3306882917475882
double,0.006908382430221095,0.6132123647118164
besides,0.0075274067265646795,0.5342548708240771
handle,0.005067638556162516,0.636462738994479
yard,0.004970854726330987,0.4078683700197786
sharp,0.0045772297628994645,0.5426774376749229
wife,0.0034016082363743936,0.4642548060995445
tank,0.0037546714146931967,0.420118890750364
heat,0.006705782630226829,0.5190005749924107
circus,0.0035027265548706055,0.4686069692230366
often,0.007001012563705444,0.5231890609946122
bar,0.005008660695132087,0.5559092033387818
herself,0.007859204496656145,0.6820057468110876
deal,0.008430900052189827,0.5326334703773217
ketchup,0.0011774737101334792,0.3574561515317388
hall,0.006210359243246226,0.5697734679901083
piano,0.007633655071258545,0.6650386544227376
crisp,0.0021448731422424316,0.33344598871449005
meow,0.004392082492510478,0.5690714416853353
rug,0.002767537091229413,0.4534475079308906
squeeze,0.0033368593038514602,0.523381918823483
ham,0.0014907334532056535,0.3373424808700427
hill,0.002259761095046997,0.3587840065222422
wolf,0.008652887561104515,0.5503799887857755
study,0.00526935338973999,0.5408967694419604
as_soon_as,0.0030106276273727415,0.46660055104214393
bright,0.0029329690668318006,0.48100472087927104
pumpkin,0.0071082336562020435,0.6235154823725108
rub,0.004456334643893772,0.46034358520780994
deep,0.0038877234739415787,0.5525397392175033
clown,0.005747709423303604,0.5821777577927509
spank,0.00496275888548957,0.47504232671008473
secret,0.006320439003132007,0.5503914578160609
witch,0.007069868966937065,0.6045483182313942
country,0.009958532121446397,0.7605937358080783
roar,0.009438661428598257,0.6408544624249477
gentle,0.004475466514888562,0.5136910204350793
type,0.004801830937785487,0.4292568166030213
antenna,0.008805149985897926,0.7169995106522549
beginning,0.002126922830939293,0.403564135268649
explain,0.006549135996745183,0.6231841196895624
mud,0.007499912205864401,0.5676119202399141
pile,0.004450484728201842,0.5218619348564895
hee,0.005041137337684631,0.46992549731532096
copy,0.0047762047859930224,0.48989051874252876
rope,0.006614009539286296,0.6119862654673347
shelf,0.006384692408821799,0.49185150266502986
onion,0.0032957673072814943,0.4520962535884946
upon,0.008645895988710465,0.6249067143731746
river,0.0046609204549055835,0.49801220539831204
everywhere,0.01085606004510607,0.606279738677584
smoke,0.006732274379049029,0.5882406607193833
none,0.00641594038290136,0.6522476782396963
band,0.006965046579187567,0.5942078128716807
uhhum,0.00957329511642456,0.7281380358535181
switch,0.0029526244510303845,0.4270999144236016
gold,0.004945449290737029,0.4995322989943026
couch,0.0047158896923065186,0.4612878771044374
awhile,0.007857916876673698,0.4282564874994541
whistle,0.005917103202254684,0.48202867131482896
whisper,0.003193485014366381,0.38107203558675595
y,0.0010060094870053805,0.21751701520174205
plug,0.0030812621116638184,0.5434653838104754
gas,0.002476762842248987,0.3359042750020267
ugh,0.0075691630763392295,0.5027927901491658
lap,0.003851336868185746,0.35767796327242063
grocery,0.00465237299601237,0.5464865523309393
nineteen,0.0009433008157289945,0.30874751007372214
thirst,0.003243465508733477,0.2509812033280595
especial,0.007803080763135638,0.6969690294997591
mash,0.0069535573323567705,0.5677884556836079
f,0.0009651228233619973,0.3220624839621695
beer,0.0019767837865012033,0.39756204828285846
edge,0.00440941791276674,0.4947301312052782
pee,0.008107101475750958,0.6130867079298148
candle,0.006809353828430176,0.3768117262452316
stupid,0.007660506027085441,0.6755033410157225
huge,0.0054804958948274935,0.4366751968136048
others,0.009112964976917614,0.6026928874731043
terrific,0.004817071415129162,0.4339166985660923
sore,0.004421676908220563,0.39280843379580754
cloth,0.003711247816681862,0.4492587013422378
nut,0.0040467429805446315,0.461082704624991
whale,0.0042984081852820615,0.5538483682311639
list,0.0031903674525599326,0.43381857424375425
pinch,0.0068558622151613235,0.6853881244048807
control,0.006310482819875081,0.6212728905884035
cash,0.003696945405775501,0.4935954921687675
stamp,0.009104828039805094,0.6518148142182894
shower,0.003788396290370396,0.4036220719686202
indian,0.011378338932991028,0.5434338435437265
comfort,0.005209938117436,0.4347554782419275
hen,0.0030791695628847393,0.4443734396389881
shine,0.00356704443693161,0.41770953028042335
lemon,0.00226909875869751,0.38763888108245903
doo,0.002349730994966295,0.3483101573829135
evening,0.013184624910354614,0.5419781503210858
cub,0.00961305946111679,0.7307125583666931
refrigerator,0.004080010311944144,0.47420477753918
spray,0.008542857567469279,0.7424409230619831
suitcase,0.0032967284321784975,0.4508434755169385
melt,0.0060848264858640476,0.4499965399422262
spinach,0.00185311958193779,0.48929328167988206
crawl,0.008629562525913632,0.5102819772045457
giraffe,0.0035410543967937603,0.41279447276033776
parade,0.00548955687770137,0.5789865135096401
march,0.00500831466454726,0.6473732503215588
contain,0.00447176541051557,0.5383084821880488
packet,0.004111866865839277,0.44747964355938785
petrol,0.0035553550720214843,0.381960498986302
serious,0.006028560655457633,0.5269570105553596
pajamas,0.0021970676524298532,0.3599365853897677
treat,0.0028721202503551135,0.45235439299932567
ew,0.002203894779086113,0.46581992653509985
mistake,0.00869051796017271,0.5770412241458223
whenever,0.00814041014640562,0.5773435647993834
suit,0.0029999956940159654,0.4268643561951807
steak,0.002614780267079671,0.534868686789256
costume,0.006242970625559489,0.5534831197531833
grey,0.0041870941986908786,0.5367472140608577
heehee,0.007187837048580772,0.5662502671890369
indeed,0.006264620167868478,0.5653287501278306
cupboard,0.0030214620961083304,0.43152421431468735
mustard,0.0016801542249219171,0.4385353832048726
bill,0.003384656139782497,0.453740317025922
confuse,0.006078497223232103,0.5469946653527796
flash,0.008597992617508462,0.5695350723233606
gate,0.011652819488359533,0.6099483662578971
tub,0.005298592827536843,0.5206294365930741
lamb,0.008935453430298836,0.6943169483844052
ouch,0.006233140178348707,0.47460592741414886
born,0.00612361090523856,0.5976883735275386
row,0.007113041701140227,0.38583551424687346
sweetie,0.004051947279980308,0.49229995175365093
lookee,0.005803781747817993,0.4397444521933638
mend,0.00385697603225708,0.5165962243761013
doughnut,0.0016547038274652818,0.4619312416508823
each_other,0.006537003176552909,0.5314246292893448
winter,0.0038594891948084678,0.45174558246797347
whoop,0.004734239270610194,0.6129475463113563
awoh,0.00471775185677313,0.4680737794436376
large,0.005538942040623845,0.4105632946967891
throat,0.005373762204096868,0.4946247658028131
ceiling,0.006345455987112863,0.5747828955682842
bat,0.006242779168215665,0.5248486768047687
note,0.005351047856467111,0.5075135232978988
film,0.0068708677445688555,0.6701202282662115
necklace,0.0032984336217244466,0.4195011593084762
hammer,0.004340095445513725,0.3523554890188819
iron,0.004387032341312718,0.5736639979680322
slipper,0.0027820318937301636,0.5569912135349595
lick,0.003963123349582448,0.462740466553368
become,0.007135633266333378,0.6067430839581436
queen,0.006252278174672808,0.4896534586389363
choice,0.011808731726237707,0.5992131499236621
complete,0.0061007301012674965,0.5574391567644925
news,0.004530913299984402,0.5534535555898983
moo,0.004847717781861623,0.39924266289442545
buddy,0.005502575828183082,0.4350882836031328
fancy,0.004726031342068234,0.6095388778550178
boss,0.009573641750547621,0.7114877883470181
shed,0.005889711471704336,0.5375154049321776
momma,0.0058519884943962095,0.5745684382142726
shell,0.008550361224583218,0.6690296269739083
appear,0.007777104775110881,0.6191320247827812
tent,0.00466702835900443,0.4520397011722057
j,0.0004173874855041504,0.23367724059115635
yay,0.00712228034223829,0.6533887118218578
boil,0.0031532759849841776,0.43613832695040455
raisin,0.00405573844909668,0.45119551538864633
tidy,0.003588671193403356,0.4356492556745837
newspaper,0.006778449723214814,0.6471347619619452
blanket,0.004187351948506123,0.53098249706636
rough,0.0051248209817068915,0.5117439922927325
obvious,0.004325195362693385,0.5574276740224036
lemonade,0.0012454211711883545,0.3189228144298166
practice,0.005881407044150613,0.5377452196939481
wild,0.005834269173005048,0.5983706053441697
whee,0.004388326690310524,0.45280989624347123
dust,0.0036517874947909652,0.5799495533032759
float,0.00303002490716822,0.36654692417493506
crack,0.010137377306818962,0.67225862622403
plain,0.002421131134033203,0.5615853672958888
skip,0.009746638933817546,0.5421436335102378
amount,0.0038669914812655064,0.5108124826975595
noodle,0.0024512101863992625,0.40563555572078935
stone,0.00628436663571526,0.5981103913695682
wooden,0.007054951041936874,0.5990406703470421
total,0.008879358569780985,0.7370219009601816
loose,0.010920796129438613,0.6217906527230048
bun,0.00401719230594057,0.6022854137356388
behave,0.004017925262451172,0.31782634952148436
weather,0.004884458505190336,0.38141399366228834
everyday,0.014235905238560267,0.6221322193001444
patty,0.010887218018372854,0.5958513406651568
found,0.007232266995641921,0.558341357570378
cough,0.004017728898260329,0.4404391533116585
hers,0.005702847943586462,0.5970277526899832
rhyme,0.007827683406717637,0.654806464661255
attention,0.0044682953092787005,0.5771858038130797
oil,0.005831797208104815,0.5480963980525506
pudding,0.0011838291372571672,0.3760702773858132
baseball,0.004421515124184745,0.4794351373956235
expect,0.009755375129835946,0.7196011572574452
eighteen,0.0011690053446539517,0.36405276610567205
oh_no,0.009273852850939776,0.7235771326648501
crocodile,0.006583007318632943,0.6097515661807693
squirt,0.01337414709004489,0.7540719207915489
stripe,0.0036670256544042517,0.4754944516327392
beef,0.004061298710959298,0.3937655258010101
valentine,0.005803120547327502,0.48179472061132633
sense,0.007199047189770323,0.6454733099618023
all_gone,0.005564542193161814,0.5806830446705782
slug,0.016770654254489474,0.836667877258098
odd,0.007203895034212054,0.6028627691007951
chest,0.005948868664828214,0.5476802181850058
traffic,0.006901984031383808,0.5319267153828238
beard,0.0068292103964706944,0.6339443726437777
join,0.005942102935579088,0.5869227948281134
final,0.009075420744278851,0.6305836501889308
splash,0.0047326404601335526,0.392005730077143
pat,0.01105281114578247,0.6225084101269307
horn,0.004681027852571928,0.41399403762952625
cage,0.004354326955733761,0.4091214267256109
spare,0.008430035675273222,0.6277432206534465
byebye,0.006739483429835393,0.5073547562657498
bench,0.006211898543617942,0.5640672448633655
favor,0.004869913732683337,0.6273400261094748
goat,0.006099026543753488,0.6731139067868797
trailer,0.0011212043464183807,0.2997434593570415
mirror,0.006961397055921884,0.42716726269136507
feather,0.006323419511318207,0.4312954646016397
direction,0.0045332331811228106,0.36140005680608034
invite,0.0037682907921927316,0.377682500363826
sometime,0.008381841704249382,0.46161342205334577
stove,0.0021753798831592908,0.3879506715104294
regular,0.006345558166503906,0.5846260009426152
come_on,0.003939088847902086,0.3449201822432525
bush,0.00802971124649048,0.5002900135276578
daughter,0.004536494612693787,0.5082026558801027
ours,0.005952274799346924,0.6893932305631301
thirteen,0.0003808821950639997,0.2222314500354141
plus,0.002005473331168846,0.5599158946168898
whoosh,0.009523856012444747,0.5664050644436548
branch,0.008385067184766134,0.4592488398939175
broccoli,0.0026829784566705876,0.4388454738680311
vitamin,0.0027173683047294617,0.39951392398619834
ocean,0.0031285177577625623,0.4170877631040404
low,0.010240130699597873,0.6227641748247339
la,0.008665105875800638,0.5530439995622017
shovel,0.004184120231204563,0.40715393916921605
tower,0.0036025673915178347,0.36327878680237935
helicopter,0.003848312298456828,0.41270268653083886
afterwards,0.004219987326198154,0.5285394137168302
bow,0.0057601428801013575,0.5721825561978737
choke,0.00600535339779324,0.4350800088611584
mail,0.004649426539738973,0.4608757985927958
date,0.0023151238759358725,0.35882831051106046
stir,0.0022030508879459267,0.4178119998011911
jam,0.003193788230419159,0.5029566818667879
airport,0.003934297959009806,0.5932655814871033
shoulder,0.004815917462110519,0.43976216632949316
trunk,0.005929615567712223,0.6250071477242054
beside,0.005793846705380608,0.45966335567762573
bum,0.009539757456098284,0.5780699881861142
belt,0.004302812033686145,0.42140104594513395
sticky,0.005415364223368028,0.526165626545703
smack,0.006933976863992625,0.6900964230860586
crunch,0.004266476631164551,0.3850656603465774
crane,0.0030101497968037924,0.4392548512047233
flavor,0.004882713844036234,0.3479292776139694
sneak,0.009511568329551003,0.6427677021946403
v,0.0011559005441336796,0.33403949800909827
squash,0.0049481259451972116,0.5701256125195393
rid,0.005096294941046299,0.6124144817278365
kangaroo,0.0041803717613220215,0.5021947243921596
itself,0.008383357524871826,0.44459600150451295
coin,0.009285231431325277,0.6818479787131566
club,0.006258894657266551,0.5023102721059145
spin,0.004676143969258954,0.5317962225401945
kite,0.008471437569322258,0.5375529969792776
sneaker,0.0028797004904065815,0.5021834135854795
gym,0.006949941317240397,0.45072003202271926
transmit,0.004871468884604318,0.4569023986130992
mammy,0.005280929453232709,0.551535755268092
less,0.006191413978050495,0.4262247564165891
fourteen,0.0006699800491333008,0.25483159531161304
lean,0.002133853507764412,0.37449124282517665
nasty,0.0036412139733632406,0.5683920124297338
spring,0.0051464397331763955,0.5132735345838372
coke,0.0011652818432560674,0.4153699654149532
measure,0.010554239749908448,0.5215468469485273
expensive,0.012228675863959572,0.4727016100351149
peel,0.0051238052546978,0.44870643749439953
good_night,0.005597022271925403,0.5476428630954977
clip,0.00426783732005528,0.44348244519425506
sponge,0.0025074514182838233,0.43280999906963913
flip,0.0032613598383389986,0.5754663584795567
deliver,0.004128745308628789,0.48399559745436027
popsicle,0.009707905848821004,0.5524381994253835
cocoa,0.0014004460696516365,0.45647534101405585
thick,0.005512718359629313,0.4798529022508603
bounce,0.004325221566592946,0.5113078468352457
husband,0.005129669943163472,0.5558190275356216
squeak,0.008292126655578613,0.4045707123879706
snail,0.012031473219394684,0.7011122126520746
hon,0.008992001032217955,0.7327442226894328
poke,0.0035671333471934,0.41269721212170063
bark,0.005321630173259311,0.49691072697518235
rose,0.006062235151018415,0.5248299841919364
lobster,0.008186675035036527,0.6390649885900339
borrow,0.007652154094294498,0.6123200077031163
woof,0.004719621605343289,0.4305534766965785
alphabet,0.004892789400540865,0.6472854948600192
field,0.005750524997711182,0.5739626777408675
market,0.008192596612153229,0.5648144759662274
angel,0.006816771469618145,0.6337817574700932
zero,0.002327961581093924,0.3503695490099338
heaven,0.011188690004677608,0.7363268715584361
forest,0.005728311538696289,0.45474064139154147
cab,0.0024337106280856663,0.4655182682198101
waste,0.011097157443011249,0.5957280336382509
towards,0.005166867845936825,0.6654396829617685
tunnel,0.0026024933214540834,0.3555091927708186
silver,0.006430683767094332,0.5146234825866705
goose,0.005870194435119629,0.5414625211371367
z,0.0006489245979874222,0.24917879292926226
laze,0.008216342021679056,0.6292609694181308
cheat,0.008039097785949707,0.5419828714109055
log,0.009411768271372868,0.6318474187747616
cap,0.004099118082146896,0.672645164291914
blink,0.005377166271209717,0.5381407017331841
cube,0.006502260180080638,0.5461977775019639
q,0.00025489429632822674,0.18216119967130462
rhinoceros,0.006518559796469552,0.37734862174755956
fourth,0.001811988651752472,0.3811170229232588
pram,0.006585848682066973,0.6735434055397649
steady,0.010092474520206451,0.7477434100851552
flag,0.00703939547141393,0.7414514387217954
shame,0.01506144844967386,0.6909207181087168
cord,0.005309822161992391,0.5546668416072098
mobile,0.00826295345060287,0.611829188385435
hug,0.0027736836466295965,0.3585119751750332
sunshine,0.010669494497364965,0.6301691743760032
drum,0.006607939799626668,0.515207804678607
buzz,0.007801142831643422,0.4634441824795964
saucer,0.0018866152474374483,0.5492468824623211
weird,0.005343256458159416,0.5340228786065364
amaze,0.008124186804420069,0.6403429978830537
dot,0.0044860045115153,0.5345335872140407
hamster,0.006524460069064437,0.5966696457325675
stink,0.005632509504045759,0.4919984520850561
tease,0.003232800191448581,0.5093146086776144
sweep,0.003392116776828108,0.49979845553829527
proud,0.00455005322733233,0.2970010849172665
thin,0.00842831532160441,0.471995379182948
steer,0.002282843589782715,0.3630071424046849
smash,0.004830274088629361,0.5590136940436363
ramp,0.0019763139161196623,0.37109883514528685
recent,0.007699805829260085,0.6474768683141023
zip,0.004903272787729899,0.5403827712108851
motor,0.002493925889333089,0.42726301940239153
purse,0.00388298715863909,0.37597572783143063
tick,0.006768263048595852,0.4702623521275674
cement,0.003463252826973244,0.42585318066853917
twist,0.0037741329934861925,0.5565094213257675
hiccup,0.0038453792703562768,0.4985182166842198
yoyo,0.006246977231719277,0.6152814635036945
papa,0.0050309477029023345,0.4422565203612534
fur,0.0041168702059778675,0.3710418434792522
ghost,0.007852693398793539,0.6129290231732537
x,0.0005061793327331543,0.20631060659642364
ginger,0.002455514669418335,0.36716082911085346
further,0.0038993842899799347,0.4849895949709825
forward,0.0038254474982237206,0.5031826190881667
pain,0.0058924869487160135,0.6338675637996753
aeroplane,0.004159280887016883,0.4778823061567007
sesame,0.005726470947265625,0.4828995527848591
spoil,0.005683812073298863,0.5590480973452641
alive,0.00912316008047624,0.6512152687526924
nest,0.007512245575586955,0.5157650040175709
scarf,0.002053152769804001,0.479149050114827
relax,0.00766304045012503,0.6058925590799953
fridge,0.005027160562317947,0.4858279745912393
tin,0.005375279320610894,0.6325105056872922
hoop,0.007567870616912842,0.549108206141483
tread,0.0059549927711486815,0.29585597882156156
pond,0.0036308467388153076,0.47062410318266834
da,0.0033467474736665424,0.37033670662465046
cycle,0.001997615282352154,0.35599544272446215
ought_to,0.0057479112576215696,0.6679788404688811
best,0.009127948342300043,0.6312937924304672
arrive,0.006568115333030964,0.47432681630032036
flour,0.002378604104441981,0.3511813527486528
map,0.010029506115686326,0.5083588304278301
prize,0.005635322751225652,0.6004367908575752
stage,0.005728781223297119,0.5242600222262187
twin,0.008161391530718123,0.5831855197234911
pump,0.0057770629723866785,0.5135841050134194
marble,0.00396943861438382,0.4176497204210019
sew,0.002463680856368121,0.506019534526661
rat,0.007429054379463196,0.6488870296089669
spread,0.0034091404506138394,0.5620811837624546
cucumber,0.0017304314034325735,0.3765865727890708
peach,0.002759164777295343,0.4904889419741091
lip,0.004378351298245517,0.4524022590756247
poo,0.006917357444763184,0.5520403649820019
camel,0.011249019040001763,0.6144820887396958
bout,0.00784374658878033,0.3910597072328922
tough,0.005610460744184607,0.37385739476474145
skirt,0.001462455718748031,0.35641353581913127
lamp,0.01039528101682663,0.5929514885120419
settle,0.0061774101012792345,0.6846752134201691
ash,0.00845245189136929,0.46100881225704726
oink,0.0032041750170967794,0.41943003157792613
difficult,0.004694318160032615,0.5098032313253749
spit,0.005370248447765003,0.47006899149432857
calm,0.004299347217266376,0.35609958121851915
tuna,0.006873613595962525,0.5255255639763241
skate,0.006284649882997785,0.49101447822211675
dentist,0.0029555882726396833,0.3348710764159818
slot,0.004748740503864903,0.49692013281146563
deer,0.007572437708194439,0.6884201262990427
sail,0.005087356413564374,0.4463546562410722
sake,0.004231336324111275,0.5027554352296675
icing,0.002112106365316054,0.4123583942309482
shorts,0.001591786261527769,0.36589237353007753
themselves,0.006563584650716474,0.479941840184294
junk,0.005325819764818464,0.5412641343929769
strike,0.007620380474970891,0.6094317849292111
exciting,0.0059815247853597,0.5257293671790573
twice,0.005964309704012987,0.48689721800312735
belly,0.0051677841128724995,0.5267885667044143
roast,0.006325121109302227,0.47749259798557186
babe,0.004576691265763907,0.5088816960387532
jack,0.00949521575655256,0.8546490065715654
bead,0.008549906056502769,0.7084337996967631
pad,0.008886579424142838,0.7144079966473351
tuck,0.004063195303866738,0.48794405783204386
loop,0.005183141807029988,0.5840639895689624
envelope,0.004299690723419189,0.498689120927421
guard,0.006965877378688139,0.6429265371113818
tow,0.0016385548644595677,0.3529562141373229
although,0.0048171787550955105,0.5228759620042174
peek,0.009055554866790771,0.507094080131266
receive,0.004579531028866768,0.4648289584383972
sentence,0.005995498763190376,0.47448867539111816
pony,0.00564645528793335,0.5089344100898413
decorate,0.005833124741911888,0.43254892874818773
cabinet,0.005036435524622599,0.4547472336152819
burger,0.003411694214894221,0.49609299865675915
offer,0.004903838038444519,0.5572615204999891
dial,0.003381282091140747,0.3221294887492563
squishy,0.011304307442445021,0.5826748861949984
photograph,0.0051293936935631005,0.6206689414369426
curtain,0.005795551463961601,0.5791171043669219
triangle,0.00306307447367701,0.3162356090583782
boo,0.006931989357389253,0.5114434309152699
recognize,0.009527872289930071,0.6761711103501938
furniture,0.007863555405590986,0.7383245737548343
tricycle,0.003398913145065308,0.5615241736172212
mostly,0.010651407639185588,0.6401271212796802
breath,0.009913853236607142,0.5694076333576643
lizard,0.007290881872177124,0.5430857793268876
shy,0.00347478985786438,0.45087402131597276
counter,0.005567519829191011,0.6282504098807142
jello,0.0018939737117651737,0.35152054305138647
wreck,0.005779860597668272,0.4533633486426395
chain,0.0063317809253931046,0.5178997622129076
heel,0.00818600133061409,0.632936300712131
tangle,0.004128236323595047,0.5349919827106729
protect,0.008051425218582153,0.6279571866164861
alligator,0.008804933591322466,0.7027945166626133
bicycle,0.0023199189454317093,0.442077290172014
diaper,0.004770573228597641,0.48755992440469575
dolphin,0.005387613267609568,0.49099258930105805
package,0.006049882088388715,0.4938560109081125
click,0.004396178041185652,0.6089126991604668
season,0.005634204699442937,0.5613782056474607
choo,0.006968587636947632,0.4272442913972354
trap,0.009481944143772125,0.6232867619809028
crust,0.0013371833733149938,0.28801625406488573
chin,0.0067962543530897665,0.41581894009184583
mountain,0.0053340281758989605,0.6360281037350446
robot,0.009559170557902409,0.6280504615880032
earth,0.009037937807000202,0.5364576372100746
patient,0.005361983409294715,0.5811765282406609
zoom,0.005992614087604341,0.528562637496402
golden,0.005842304655483791,0.4472550987726752
motorcycle,0.0028057731688022614,0.47852545052300466
stack,0.004004043009546068,0.3578093338074195
fifth,0.0015501928329467772,0.3465878721747001
daisy,0.004825226962566376,0.5384586594635882
trade,0.009465078512827555,0.6895066997758814
basement,0.006429230465608484,0.5370470583342188
grump,0.004838871544805066,0.5943079630617849
aunt,0.006795553060678335,0.5024624964793936
net,0.008871906078778781,0.6229411591273338
seventeen,0.0009721448788276085,0.27299621377246264
thumb,0.007717243556318612,0.563085092085958
polish,0.0037959363009478593,0.4951176231181501
jungle,0.004697178640673237,0.479152916040665
suggest,0.006844870746135712,0.5309748915862029
mushroom,0.004787836525891279,0.631074304006263
pasta,0.0017492524508772225,0.46169236779389555
burp,0.007612105458974838,0.7277052102954014
hippopotamus,0.004333821626809927,0.4185493049856235
inch,0.001703611735639901,0.38368314024511874
gorilla,0.00606282164410847,0.5911878782691014
crumb,0.004142399877309799,0.47193449764023965
sheet,0.006240085643880507,0.6040264690935054
yeh,0.006392560005187988,0.49707129520156124
whoo,0.007864813009897867,0.5607601216482936
cheer,0.005503285315728957,0.5326096104210443
suck,0.006573549338749477,0.6161966751993612
yoghurt,0.0033643580973148346,0.47998001121363965
magazine,0.005825197374498522,0.5562324687846005
handsome,0.006508871432273618,0.4263341740212051
lace,0.002147586809264289,0.4153930816895014
clay,0.00418151957648141,0.5118251674734668
sleeve,0.0017123688012361526,0.2813311376107548
excellent,0.003473365306854248,0.4208651487928027
self,0.005399420405879166,0.5862469817205709
screen,0.01030063408392447,0.6649128673974863
connect,0.005640337100395789,0.5249386426594767
steam,0.006816934262003217,0.5780632142958014
tap,0.004970507188276811,0.5841479291559104
puss,0.005606273124957907,0.5448883415467445
beaker,0.005151120945811272,0.5068308079603232
seal,0.01105402354840879,0.7229547345705296
erase,0.0054384501356827585,0.6661379348952805
tweet,0.006303460825057257,0.49549592358822325
teeny,0.004151212818482343,0.4764215134265468
cart,0.004064482801100787,0.5496509515430958
temperature,0.004851054760717576,0.5214938957733876
cricket,0.010443483338211521,0.7880542249931084
doubt,0.0053076230246445226,0.5842048218174833
reindeer,0.00499719864613301,0.6593367432320051
fuss,0.0043143899210037725,0.3889009708819535
speed,0.0051130261272192,0.5928383767794567
bathe,0.002102859318256378,0.4239805478915539
desk,0.005777694083548881,0.6517011502673002
fellow,0.006664550730160305,0.5897497418694193
woo,0.007903076353527251,0.6499740216759616
ankle,0.0024849666016442435,0.307108642226538
strap,0.0038864504207264295,0.5330272453163389
escape,0.007847508558860192,0.5420599200234901
outfit,0.004089252702121077,0.500073473957092
tune,0.005865633487701416,0.4961434982108939
oh_goodness,0.003849541318827662,0.5061019032702292
nuts,0.005283898540905544,0.4071298723766047
agree,0.008143178054264613,0.46348199729248973
chalk,0.003244459629058838,0.5918216263390808
macaroni,0.0011637445007051741,0.3890260426785962
itch,0.005522773265838623,0.5431626164173329
ant,0.0093878550188882,0.7051793774353814
dare,0.007570972809424767,0.5241549350104755
tag,0.006979763507843018,0.6748103182924701
princess,0.003720055366384572,0.3938874339904769
mop,0.003436485926310221,0.3291848597541419
soldier,0.00681832879781723,0.6253895602234987
site,0.005512262212819067,0.5601923813173975
web,0.009733242017251474,0.5915072997735791
you_all,0.00499149825837877,0.5423146069830995
ding,0.005749455094337464,0.34443794559272267
ignore,0.007588777277204726,0.6689718670427021
donkey,0.003998224551861103,0.5390609258149905
cuddle,0.00444817915558815,0.35528784563426175
lump,0.008168717846274376,0.6710770437472986
pretzel,0.002501600980758667,0.5598595119972871
danger,0.0038435757160186768,0.5384492203653148
ugly,0.009106053908665975,0.5944888584761181
pitcher,0.0012073516845703125,0.32920593056325154
fluff,0.004693780094385147,0.4881127720786017
soak,0.003399703237745497,0.36344466060112124
puff,0.005998892784118652,0.4993283699011486
forth,0.00559552579090513,0.46987038473076825
meatball,0.0020259803739087335,0.47408962878218575
golf,0.0060472871576036724,0.37163519380072174
spade,0.006323702060259306,0.4706267024594116
yogurt,0.0020441412925720215,0.42936371843861987
crush,0.008874446153640747,0.5576146889800119
dine,0.006879538297653198,0.5023988881157213
guitar,0.0053444321338947005,0.49458025325557187
bulldoze,0.0024636253233878843,0.34529991738046095
stew,0.0025888314613929163,0.46128477530655276
cabbage,0.003333832208926861,0.4603578369200396
pole,0.007428539650780814,0.6464408281473979
skunk,0.00840123210634504,0.582405165293383
crown,0.0033488422632217407,0.4884473585851826
squish,0.007165017127990722,0.5482492716854457
wherever,0.005337813321281882,0.5343399049121962
team,0.008899045713020094,0.7659503667172841
awake,0.004136690322090597,0.4469857691829614
attach,0.0043665750606639965,0.5982833682795343
dive,0.01106357382189843,0.6968038906950742
zebra,0.008900040074398643,0.4995878359499454
sixth,0.0010915088653564453,0.33179146331054576
wool,0.006492165724436442,0.497968326111348
whisker,0.005007808025066669,0.52484378215327
calendar,0.006870260945072881,0.6069700063755148
baa,0.003319458527998491,0.36630075104101456
funnel,0.006933645955447493,0.4086229725153777
giddy,0.004628959156218029,0.39957616489006587
trash,0.004039738108130062,0.5373131689523198
rooster,0.0050772961817289654,0.41768437931690183
dough,0.0028158503194009106,0.3921676951192885
bare,0.0061965067135660275,0.48823317865926086
search,0.004813475268227714,0.45083543505880996
pilot,0.0047698354721069335,0.5328080180416321
mamma,0.014478359371423721,0.8887322667685229
eh,0.008224541141140846,0.5972432552574661
drill,0.005638773624713604,0.6016624446896592
exercise,0.009990030719387916,0.6975209079266155
raspberry,0.004291639725367228,0.5863972368233784
hoover,0.006083256211774102,0.4730519530310122
necessary,0.005279176510297335,0.4351748219616689
bacon,0.0018467594837320261,0.3205371827615159
crowd,0.0060182629209576234,0.6103395379753084
chick,0.0060464558394058895,0.44464739093520045
yawn,0.005560431931469892,0.46444862242398344
mood,0.005737300713857015,0.4373000101350394
correct,0.007518876057404738,0.6340216110173198
sprinkle,0.0071229977267129084,0.5608472659583068
mush,0.005688309669494629,0.5227070288597074
mammal,0.009220448136329652,0.5105192910236578
base,0.011923199190812953,0.7651491717940584
rectangle,0.005388200283050537,0.4569165281930613
pigeon,0.01965086950975306,0.6987206097316032
wiggle,0.0061677237351735435,0.4673460990534811
dip,0.0021587292353312175,0.4813328433093893
honk,0.004785532536713973,0.3979239478981479
thunder,0.004947516424902554,0.5138602813581202
seek,0.006891040425551565,0.4181124553357838
sport,0.006460335324792301,0.5106877185709409
clue,0.005207595825195313,0.49744019690596264
hedgehog,0.00635203829518071,0.5103576285523993
sip,0.0036869514733552933,0.4865356063619708
yo,0.009180260332007157,0.6023416469592575
drag,0.005609906080997352,0.4908808087323576
nana,0.00701662125410857,0.6358785171298473
design,0.0045959682300173,0.5257567511441166
mitten,0.0017180272511073522,0.3943253320547565
scooter,0.005943883742604937,0.5003028892530823
soggy,0.0037821162314642044,0.5457026881484824
return,0.0029547145733466516,0.4622748668430052
jeans,0.0015687743822733562,0.4386507779182658
blueberry,0.002788579889706203,0.43708041262542274
neigh,0.004060162150341532,0.42491608913314216
blind,0.006533193588256836,0.7590216449718076
quit,0.004812408238649368,0.3329174821492247
abc,0.0018546703983755672,0.3836250509423238
duh,0.004366246553567739,0.5286748309411189
stool,0.0061915914217631025,0.4324351610547462
bracelet,0.006849123585608697,0.5759551012448104
message,0.0047531817108392715,0.5044068056696004
balance,0.008648726870031917,0.6687390778838354
muffin,0.003328291433198111,0.48435741540859856
creature,0.0061304638018974894,0.44918269191151494
paw,0.005762620883829454,0.5440560177089104
guest,0.00884194948055126,0.5521965711770779
sight,0.006494273742039998,0.6133954655459846
buck,0.00767218365388758,0.5810262360204264
attack,0.012190891636742486,0.756075406586626
mall,0.004159335167177262,0.3756807769561332
hay,0.004542338497498456,0.42910190876215903
vacuum,0.009949452877044677,0.6320506363036658
sled,0.004664922753969829,0.5824098461017866
furry,0.008509271674686007,0.5395722510178067
ski,0.003996513783931732,0.5049270578343681
sofa,0.00332100303084762,0.3359499463812494
siren,0.006665724775065546,0.3982653282569725
peg,0.005258051885498894,0.5364801596667073
straighten,0.002925937995314598,0.34854243723374034
crib,0.004205533952424021,0.39739970040166983
flap,0.007645072937011718,0.5128392067008243
crab,0.008888829212922316,0.5821199546327649
stroke,0.004146739840507507,0.4195023488031989
diamond,0.00854540091973764,0.4972189971024146
tube,0.005971344078288358,0.5187395728531169
storm,0.005915186802546183,0.4350188307615177
snort,0.005869326384171196,0.3521755154581284
puddle,0.0070763954094478065,0.5650027002452274
rake,0.009024728428233753,0.5575934811145469
underwear,0.0019840470382145475,0.36762652164468856
ripe,0.0037306065742786112,0.4096484545219502
syrup,0.0037274198098616166,0.5248381279166949
sideways,0.0047782378064261544,0.4306844057699162
brand,0.007556585595011711,0.6052502167103404
prayer,0.0068669880137724034,0.5130007364346971
shush,0.005768140157063802,0.4523447564189813
thump,0.005291176338990529,0.391264372601666
berry,0.005762659586392916,0.6398763724533301
merry,0.008960200680626763,0.5919270067786208
olive,0.0011795295609368219,0.3331765470273317
artist,0.007342625308681179,0.710312799632008
penguin,0.0050270318984985355,0.4762329768363295
opposite,0.004992071426276005,0.5499248392724623
purpose,0.006742083364062839,0.5601801773778341
smooth,0.007703562577565511,0.5920707138729545
oy,0.005055497674381032,0.5309105624762315
gross,0.008059581805919779,0.6386018843540827
hip,0.009620524588085357,0.5831915936820645
root,0.013406566951585852,0.623086561039619
knob,0.004656729102134704,0.48647817797181425
giggle,0.007027014442112135,0.5720419355456696
badge,0.00270799073305997,0.5371366919854037
gramma,0.005567006162694983,0.5831473124051094
rattle,0.007124402306296609,0.6833097857578647
elbow,0.004523710200661107,0.5621325013389271
growl,0.005332514162986509,0.5306211666734482
brave,0.007173138005392892,0.5462464612164883
scrub,0.0033005578764553727,0.4080031898987472
coach,0.011586828665299849,0.5179797156439561
snore,0.005041223019361496,0.4359865729820457
fan,0.008767873048782349,0.6232895149796691
paddle,0.006711454495139744,0.6079654042989373
shadow,0.0066979238481232614,0.6594563906967917
dummy,0.011476784944534302,0.6335228263363847
goldfish,0.009196446339289347,0.5936212075824705
arrange,0.0079955353456385,0.7623641877120905
laundry,0.004089622121108205,0.4972923625083919
notebook,0.00485376211313101,0.35651467462100694
insect,0.007643006064675071,0.4670951891003243
poop,0.014084639293806893,0.7683788194694926
leap,0.007397324749917695,0.5390448912895922
slippery,0.004774702919854058,0.45804901423683597
scoot,0.004547805555405155,0.4213431256934793
flop,0.0061288438737392426,0.5809478386207882
crow,0.005816872630800519,0.4956314148110702
bash,0.010792307058970134,0.5215544972271886
vehicle,0.004660379502081102,0.4718321538805864
aah,0.003264243538315232,0.47139114469643706
frame,0.005297387257600442,0.5736463396364865
ladybird,0.010514209667841593,0.680650226902051
construction,0.0038079380989074706,0.4551838968071642
cluck,0.0055329373904636926,0.35484679552927767
diddle,0.002692286457334246,0.2405894541913005
porridge,0.005468297004699707,0.4035382075498706
parrot,0.008198643724123636,0.5265735243810677
handy,0.00822041251442649,0.6271199141122898
scoop,0.008470098887171065,0.5428698727312921
apparent,0.009472966194152832,0.6610468413768702
octopus,0.0042217413584391275,0.5797241399336408
twirl,0.005687006058231477,0.5077048262702903
kleenex,0.003926859299341837,0.34411832422354993
appointment,0.0024451232618755763,0.4288509381008556
wrench,0.0059693072523389545,0.4089962697575389
dribble,0.0073409974575042725,0.42692459222815005
system,0.007165748140086298,0.596592681314718
kit,0.004924447372041899,0.4748231592341595
swan,0.004884947430003773,0.47123678572127414
bud,0.008809419141875373,0.6712881150263197
whew,0.008251247198685356,0.5536120035012481
ups,0.012159204483032227,0.7696449878115255
scale,0.005231845378875733,0.6573068021137017
tennis,0.005076014226482761,0.5267413192965541
mosquito,0.006296170794445536,0.5677448192532678
toward,0.011267932397978646,0.7730132566457333
nod,0.003092709041777111,0.4399792743390295
stare,0.005446163383690086,0.4118428398417626
sniff,0.006745035307747977,0.531235742962161
vest,0.002967816941878375,0.644109317798977
wig,0.002480590343475342,0.48932113934856347
holy,0.0048229008913040165,0.36859575943536615
aquarium,0.005899462699890137,0.4620570954979093
shave,0.004738250747323036,0.46297563356751315
gray,0.008234910170237223,0.6285492027899754
cheers,0.005829949270595203,0.49227176855577615
woah,0.004695909638558665,0.5469862988304297
oatmeal,0.0016962704451187797,0.34203126728036615
halloween,0.0037838343916268185,0.4609078537601531
fasten,0.004306404931204659,0.45078027905402396
marmalade,0.004102147051266262,0.6021734129214926
wrist,0.005399517940752434,0.4882754909800485
settee,0.006361592460323025,0.5163404955014035
boing,0.006474302095525405,0.4646039437767313
plaster,0.011558826764424641,0.7031490542769823
fuzz,0.003716741838762837,0.4427790863518791
ad,0.008435619288477404,0.6872355036727107
score,0.006362927996593973,0.6152303173738307
donut,0.002757851154573502,0.5278317534746366
capital,0.0037461080049213612,0.4974374397410998
bull,0.00829564332962036,0.6016493269945224
kettle,0.005321869143733272,0.40962575766609277
oh_boy,0.011637307446578453,0.5252773098038341
rag,0.006042326197904699,0.5740122662324283
whine,0.0055451733725411555,0.6081802941431338
germ,0.00588598937699289,0.56436055100305
scribble,0.007530555642884353,0.5421972063774732
hood,0.009337134659290314,0.7004861976906416
barrel,0.0076741623878479005,0.6961278918058029
wobble,0.007007668147215972,0.5700431980557921
munch,0.009198252360026042,0.5344636468989843
crank,0.008465637420785838,0.528584857482552
patch,0.01152003499177786,0.7268045424779536
lawn,0.006596352602984454,0.6170769447296287
cave,0.007151548679058368,0.437269436334476
lone,0.007621529201666514,0.5030404207816783
darn,0.011553920805454254,0.6305472090876535
pebble,0.00498005747795105,0.4983920950073516
remote,0.005608705373910757,0.4699799151951709
pouch,0.006599255676927237,0.5058991780778915
creep,0.00657245268424352,0.4474033433883855
peck,0.0069021032406733586,0.45424466106536665
hooray,0.009476531635631214,0.5920009381364071
drunk,0.005617216229438782,0.41039360165681615
ribbon,0.0026211615266471073,0.4479173781798361
coconut,0.007117143383732549,0.595060550525463
dada,0.004094454375180331,0.5449629889322392
bolt,0.0044447204162334575,0.4141387055471184
peep,0.0068967850119979295,0.5651686168480454
tanker,0.0021707812945048013,0.46369268985271517
beak,0.0052401134462067575,0.4903746835892048
lotion,0.00705953190724055,0.5171835431100567
tock,0.007963437587022781,0.4927399711607251
hoppity,0.00798917757837396,0.7043582101669175
polar,0.005646228790283203,0.5319557401054555
explore,0.011153108087079278,0.5234620179429923
moose,0.0053999846981417745,0.48678446476715986
statue,0.005806924899419149,0.5912267398080826
heh,0.006125482645901767,0.552187155690715
wheat,0.004568849291120257,0.48666878126496427
musical,0.012552548199892044,0.7029515008727014
alrightie,0.013011859221891924,0.8513093820608999
silk,0.007488374526684101,0.5399116167107574
thread,0.003474704424540202,0.42980236415637885
bandaid,0.0027501781781514487,0.46990104850813574
aboard,0.009649138701589484,0.5076955496228921
toddle,0.006150925159454345,0.5363167215465927
loaf,0.006806466579437256,0.49032187092009527
vase,0.0033396229599461412,0.37255441210550555
instrument,0.008808252058531108,0.570344326547586
achoo,0.010722309350967407,0.6595346870852039
