,word,category,lexical_class,period0,period1,period2,period3,period4,period5
0,bite,action_words,nouns,0.18455935791134834,0.29628901183605194,0.2261894080373976,0.23795613729291493,0.22555404398590326,0.2618957683444023
1,blow,action_words,nouns,0.09487908221781254,0.12572958171367646,0.16235092561692,0.12852477729320527,0.14705700986087322,0.13857486546039582
2,break,action_words,nouns,0.24710312805005483,0.21376354582607746,0.286034913526641,0.23209541784599425,0.2786523484521442,0.2572610415518284
3,bring,action_words,nouns,0.29298072420060634,0.33380983852677876,0.31378341987729075,0.28812315315008163,0.335663765668869,0.27606597989797593
4,build,action_words,nouns,0.20931245163083076,0.206167134642601,0.19814480878412724,0.22805513963103294,0.18902214244008064,0.14360159803181888
5,bump,action_words,nouns,0.2390580309761895,0.2411169871687889,0.2387356273829937,0.23434143016735712,0.21323663871735335,0.18460979014635087
6,buy,action_words,nouns,0.25493031069636346,0.30735124498605726,0.2871089329322179,0.33797820266336204,0.3236959643661976,0.34315666258335115
7,carry,action_words,nouns,0.11412251349538564,0.16461789831519127,0.1637752821875943,0.22686198279261588,0.19332692325115203,0.1433914846016301
8,catch,action_words,nouns,0.2147417612373829,0.23573192432522774,0.20113964900374412,0.19644151870161294,0.2506102375686169,0.18837021850049496
9,chase,action_words,nouns,0.07176929526031017,0.15679218657314778,0.19798362048135865,0.18403758555650712,0.2006045002490282,0.18949877843260765
10,clap,action_words,nouns,0.26702508371737266,0.20652630676825842,0.2093245337406794,0.2626298169294993,0.26301816706028247,0.14171841815114022
11,clean,action_words,nouns,0.32382591590285303,0.28018408045172694,0.35697234570980074,0.29811538921462166,0.3502749055624008,0.3796100080013275
12,climb,action_words,nouns,0.22380154486745596,0.19146434124559164,0.2271202340722084,0.2611376479268074,0.18748180530965328,0.25834075212478635
13,close,action_words,nouns,0.18202870935201645,0.23074937280681398,0.1818163638934493,0.19647159855812787,0.22681766636669637,0.19087247643619776
14,cook,action_words,nouns,0.38989898893568253,0.4039850622415543,0.40822634994983675,0.39608944952487946,0.35325106475502255,0.27176215520335567
15,cover,action_words,nouns,0.14916988420817587,0.1930804012550248,0.16233121044933796,0.15965292379260063,0.10960900907715161,0.14482931792736053
16,cry,action_words,nouns,0.30171883702278135,0.307585172355175,0.3003498136997223,0.2542337507009506,0.31162628531455994,0.3222241535782814
17,cut,action_words,nouns,0.222803758084774,0.2675279105703036,0.27468738704919815,0.2625884309411049,0.27959603294730184,0.14020279049873352
18,dance,action_words,nouns,0.29247359838336706,0.26667631334728664,0.2714058347046375,0.2697890646755695,0.26834479553831947,0.24727970035746694
19,draw,action_words,nouns,0.23903915733098985,0.22928400710225105,0.20255884565413,0.177956535667181,0.2304046932193968,0.16955109611153601
20,drive,action_words,nouns,0.18103248700499536,0.20700433757156134,0.17060827960570654,0.1887694239616394,0.19391769766807557,0.20945698246359826
21,drop,action_words,nouns,0.15549404919147491,0.16498439405113458,0.21376564684841368,0.23385579288005828,0.20379131864756345,0.26650117834409076
22,dry,action_words,nouns,0.3122903421521187,0.34224761724472047,0.24154629392756355,0.3268787369132042,0.26285560131073,0.2845364883542061
23,dump,action_words,nouns,0.25605213046073916,0.2219034641981125,0.23826900348067284,0.2501344120129943,0.25598315224051477,0.20285658352077007
24,eat,action_words,nouns,0.3774000436067581,0.3895206719636917,0.3949438869953156,0.31268164962530137,0.3725033298134804,0.30576187670230864
25,fall,action_words,nouns,0.18649985310104158,0.25873985555436874,0.30900854244828224,0.25775262601673604,0.18702150529457462,0.30421916944906113
26,feed,action_words,nouns,0.22206835728138685,0.1761500130717953,0.17791036226683193,0.16914566388974586,0.11313404189422727,0.2127980411052704
27,find,action_words,nouns,0.35040321815758946,0.3198541425168514,0.34837683439254763,0.26999767050147055,0.36859710067510604,0.26836478989571333
28,finish,action_words,nouns,0.12106272578239441,0.13428192883729934,0.13063949594895044,0.09848562042628016,0.14237955833474794,0.10709816850721836
29,fit,action_words,nouns,0.13025961481034756,0.19816626773940194,0.16256168261170387,0.16808027029037476,0.18718510419130324,0.15594560073481667
30,fix,action_words,nouns,0.16253403863973087,0.2990203693509102,0.27354187369346616,0.21378362774848939,0.2658951111137867,0.23332789726555347
31,get,action_words,nouns,0.44161157806714374,0.38941326551139355,0.4075126068459617,0.3635318759414885,0.4157267014185588,0.42687130346894264
32,give,action_words,nouns,0.3350069365567631,0.17068848088383676,0.17636954486370088,0.3512882053852081,0.3592068933778339,0.361965025216341
33,go,action_words,nouns,0.33441554196178913,0.29736436903476715,0.27696837070915437,0.3725431263446808,0.3572942428290844,0.34485606600840885
34,hate,action_words,nouns,0.1713799544506603,0.12025211583822966,0.23609353080391884,0.2374719600710604,0.2040606298380428,0.19015215653926135
35,have,action_words,nouns,0.3961043159166972,0.2992732274745192,0.3479557666513655,0.4014836624264717,0.38206554651260377,0.39730264246463776
36,hear,action_words,nouns,0.308978447276685,0.3565109951628579,0.31239117830991747,0.30590396208895576,0.3756081776486503,0.41823863238096237
37,help,action_words,nouns,0.13869814854115248,0.10310625916139947,0.14637985535793835,0.1549589902162552,0.18243869435456064,0.14948220444577082
38,hide,action_words,nouns,0.192106946474976,0.19705410450696945,0.20616440176963807,0.19700013473629951,0.22285487968474627,0.18962965458631514
39,hit,action_words,nouns,0.20549430642277003,0.2617699172347784,0.3009191196825769,0.2653454691171646,0.25356907546520235,0.28689780086278915
40,hold,action_words,nouns,0.33026209473609924,0.19951427904888988,0.21360038816928864,0.28478380739688874,0.2686868141405284,0.1990543968975544
41,hug,action_words,nouns,0.2906187754124403,0.31723010521382095,0.30736280812157524,0.2682318463921547,0.30659181376298267,0.3209811057895422
42,hurry,action_words,nouns,0.17760307788848878,0.25373679978979957,0.21530764549970627,0.2002009730786085,0.19441833570599557,0.1582055903971195
43,jump,action_words,nouns,0.2058222468942404,0.21679938659071923,0.26529429070651533,0.24142724441157448,0.29715484463506275,0.26271911669108605
44,kick,action_words,nouns,0.21073350020580822,0.11507635191082954,0.13981710653752089,0.20415762439370155,0.23634154871106147,0.18750843340530993
45,kiss,action_words,nouns,0.2968236170709133,0.2889519691467285,0.26590837434762055,0.29040913428697324,0.3105454808101058,0.295211444919308
46,knock,action_words,nouns,0.16355885937809944,0.28382641077041626,0.23598140643702614,0.26697133108973503,0.21343561437808806,0.17737778052687644
47,lick,action_words,nouns,0.25374470055103304,0.30972261478503543,0.2969881534576416,0.2801707382313907,0.2914474904537201,0.31984872072935105
48,like,action_words,nouns,0.35873692068788743,0.3415689749850167,0.3600301278962029,0.36094361792008084,0.34761597216129303,0.3696758962339825
49,listen,action_words,nouns,0.2799894310534,0.306165202624268,0.290441847509808,0.2641439899802208,0.32314046174287797,0.2805601879954338
50,look,action_words,nouns,0.25516277831047773,0.3271630108356476,0.25584695902135635,0.24374473177724415,0.2733811035286635,0.2758356314152479
51,love,action_words,nouns,0.26474185950226253,0.31620872682995266,0.3332109563052654,0.3530341058969498,0.3823615213235219,0.23871873319149017
52,make,action_words,nouns,0.2908705158957413,0.2138284836999244,0.2980587836354971,0.24121059803292155,0.30439002480771804,0.2651997274822659
53,open,action_words,nouns,0.23212948078289627,0.2718422804027796,0.24301505610346794,0.26052288729697465,0.27233778850899804,0.2848091771205266
54,paint,action_words,nouns,0.14826729645331702,0.2811285075214174,0.25273728370666504,0.2525877198204398,0.2631338343024254,0.20954505316913127
55,pick,action_words,nouns,0.19764991030097007,0.22978141241603428,0.23326869904994965,0.2404507721463839,0.26360154561698435,0.2763746127486229
56,play,action_words,nouns,0.2039702729218536,0.23850979059934616,0.22894012928009033,0.21722028404474258,0.22684716247022152,0.2528806168586016
57,pour,action_words,nouns,0.19992954805493354,0.2220073901116848,0.23146476820111275,0.2342580035328865,0.22046429067850112,0.257081601023674
58,pretend,action_words,nouns,0.21836816370487214,0.2766884844750166,0.24351947829127313,0.19950513839721679,0.17861573472619058,0.153238832578063
59,pull,action_words,nouns,0.3341337025165558,0.3226256564259529,0.2891047038137913,0.31879881471395494,0.27137037739157677,0.3043613649904728
60,push,action_words,nouns,0.2736390663517846,0.16989361194686758,0.31244437843561174,0.2800165768712759,0.2181919075548649,0.1090063638985157
61,put,action_words,nouns,0.2928505390882492,0.3548274599015713,0.30338531360030174,0.318182176258415,0.29998614341020585,0.353462265431881
62,read,action_words,nouns,0.2639328151941299,0.2001012255038534,0.28943307399749757,0.19906773211227524,0.2604362272657454,0.28448309376835823
63,ride,action_words,nouns,0.34014753500620526,0.2847881077064408,0.3050729235013326,0.33288268248240155,0.30041012167930603,0.32329157590866087
64,rip,action_words,nouns,0.23966522365808487,0.2454030786951383,0.25569360628724097,0.26206120997667315,0.20812922095259032,0.23734970721933576
65,run,action_words,nouns,0.16056650194029012,0.10688349492847919,0.21116880192938778,0.14598917923867702,0.19005474131554365,0.21064821928739547
66,say,action_words,nouns,0.20543131455779076,0.23528860840532514,0.22129304707050323,0.21532537508755922,0.16719129960983992,0.23050974806149802
67,see,action_words,nouns,0.384991155564785,0.44184466153383256,0.35684674812687767,0.3328139614313841,0.4215842202305794,0.47281620237562394
68,shake,action_words,nouns,0.2267148658633232,0.1861084161326289,0.15329504562541843,0.16304915584623814,0.18507574195973575,0.127411726448271
69,share,action_words,nouns,0.14987701531499625,0.11534030474722386,0.10382702797651291,0.10979472411175568,0.08347916230559349,0.06230849921703339
70,show,action_words,nouns,0.22109712970753512,0.19510283652279112,0.19959838008508085,0.21647713374760416,0.20663174593614209,0.1777373444288969
71,sing,action_words,nouns,0.3248593211174011,0.3025683183223009,0.3371552359312773,0.3101297550731235,0.3005046173930168,0.2987330764532089
72,sit,action_words,nouns,0.3210352327674627,0.3375153824687004,0.3680267296731472,0.29077186435461044,0.2940734148025513,0.33801366239786146
73,skate,action_words,nouns,0.20680461078882217,0.1454092001542449,0.12066308427602053,0.13223827853798867,0.16443720757961272,0.21602666303515433
74,sleep,action_words,nouns,0.40292783661021125,0.34216493037011886,0.4154733071724574,0.416923142141766,0.4419792377286487,0.345869779214263
75,smile,action_words,nouns,0.2527318003587425,0.22057764149374431,0.23410210255533456,0.23596315383911132,0.3527613148093224,0.3322579380124807
76,spill,action_words,nouns,0.1325783154202832,0.17933901865035295,0.10907439282163978,0.16300487015396356,0.22679598294198514,0.1334635490551591
77,splash,action_words,nouns,0.23673289492726327,0.2418253891170025,0.21427053734660148,0.2114989086985588,0.24997008442878724,0.17931541409343482
78,stand,action_words,nouns,0.27770477868616583,0.22449559830129145,0.261449134349823,0.18749694898724556,0.23350578136742114,0.2930214025080204
79,stay,action_words,nouns,0.318323294321696,0.3193046110016959,0.17980521731078625,0.3168720558285713,0.24077279344201089,0.20707960277795792
80,stop,action_words,nouns,0.1661889895796776,0.20098524168133736,0.17135116457939148,0.16144991368055345,0.18744304683059454,0.15621952878104317
81,sweep,action_words,nouns,0.16680335501829782,0.11700156219303608,0.16752114351838826,0.1412157855927944,0.13024353012442588,0.14666503611952067
82,swim,action_words,nouns,0.25826873630285263,0.35582890808582307,0.33349816501140594,0.29156661927700045,0.3609691008925438,0.2917379282414913
83,take,action_words,nouns,0.3481424435973167,0.29912013477749294,0.32683099508285524,0.3095944881439209,0.3605505421757698,0.3107412209113439
84,talk,action_words,nouns,0.2663195088505745,0.3266522452235222,0.4213354453444481,0.3264727536588907,0.3537855908274651,0.2949352666735649
85,taste,action_words,nouns,0.28447148501873015,0.2435065358877182,0.33977039605379106,0.2732298605971866,0.2682965140789747,0.280434188246727
86,tear,action_words,nouns,0.21539407689124346,0.24135684557259082,0.21063343601094353,0.17522630343834558,0.17824649736285209,0.19218039015928903
87,think,action_words,nouns,0.47176437079906464,0.3201366260647774,0.37032763808965685,0.4028410941362381,0.449019356071949,0.45946423411369325
88,throw,action_words,nouns,0.2736185804009438,0.25752290586630505,0.29831144362688067,0.23521960609489018,0.28317537447437646,0.3121348798274994
89,tickle,action_words,nouns,0.25557738211419845,0.2021936796605587,0.2521164879202843,0.22401595364014307,0.26208823308762574,0.32418532073497774
90,touch,action_words,nouns,0.14960332049263847,0.16023508757352828,0.16409984230995178,0.18744164556264878,0.14868966303765774,0.15423929029040867
91,wait,action_words,nouns,0.23448504507541656,0.22462160968118244,0.24133699908852577,0.20286977208322948,0.20223931297659875,0.21163607761263847
92,wake,action_words,nouns,0.20177547559142112,0.1932461561842097,0.16105994333823523,0.21892591640353204,0.21876201246465957,0.21868284344673156
93,walk,action_words,nouns,0.18592501845624712,0.2054348445497453,0.19684865586459638,0.22963526099920273,0.1699279084801674,0.18802809798055226
94,wash,action_words,nouns,0.3377888068556786,0.3813312888145447,0.39552418012171986,0.33920472487807274,0.40167587995529175,0.42149974405765533
95,wipe,action_words,nouns,0.14977703168988227,0.18826835080981255,0.18542388742789626,0.26988501681221855,0.1954246185719967,0.17195186093449594
96,wish,action_words,nouns,0.18835829347372054,0.22166845351457595,0.21063240990042686,0.2555330626666546,0.10400823308154941,0.1883644163608551
97,write,action_words,nouns,0.20281273778527975,0.20301898154947493,0.2435392795337571,0.17144683115184306,0.18012710735201837,0.2353547051548958
98,alligator,animals,nouns,0.18171677686687973,0.2526986123993993,0.26895762979984283,0.30244340375065804,0.23846886903047562,0.2195030516013503
99,animal,animals,nouns,0.2891094610095024,0.3427770063281059,0.2590166121307347,0.3147161677479744,0.2428839612338278,0.2816626995801926
100,ant,animals,nouns,0.19923060899600387,0.11883286945521832,0.18987901964121395,0.15793265253305436,0.15578402169048786,0.27693640142679216
101,bear,animals,nouns,0.238887070864439,0.17055902816355228,0.19332949237691033,0.23709679767489433,0.1311591796576977,0.14040517173707484
102,bee,animals,nouns,0.15435962453484536,0.256223388761282,0.22168985567986965,0.240907933562994,0.2178126372396946,0.12016431912779808
103,bird,animals,nouns,0.4432594496756792,0.3736595675349236,0.46362458997302586,0.41179716438055036,0.36766775622963904,0.3085596490651369
104,bug,animals,nouns,0.21006448790431023,0.16728101894259453,0.2177648738026619,0.14415642209351062,0.24912142753601074,0.2919910877943039
105,bunny,animals,nouns,0.3684264239337709,0.36862942576408386,0.23604081674582428,0.2373941048979759,0.33423159420490267,0.3489321486817466
106,butterfly,animals,nouns,0.0,0.0,0.0,0.0,0.0,0.0
107,cat,animals,nouns,0.45116496458649635,0.45702023059129715,0.29513248689472676,0.3536741495132446,0.4216005661421352,0.31412978991866114
108,chicken,animals,nouns,0.37582302242517474,0.41177762746810914,0.44834832549095155,0.38998606652021406,0.3777268558740616,0.41995394229888916
109,cow,animals,nouns,0.33694852963089944,0.4069603443145752,0.39189248234033586,0.45051009787453544,0.4251990281045437,0.2836970195174217
110,deer,animals,nouns,0.16683348682191637,0.264943762941079,0.1522399474763208,0.24090609699487686,0.30977548360824586,0.163294293358922
111,dog,animals,nouns,0.3488862793892622,0.4226100080543094,0.4696737536125713,0.4637002597252528,0.4450493186712265,0.5153276056051255
112,donkey,animals,nouns,0.25853915768675506,0.2555655539035797,0.29720863285991883,0.17517279440330136,0.3939440929227405,0.2620964294299483
113,duck,animals,nouns,0.3151846557027764,0.3603821724653244,0.28856332004070284,0.344070228934288,0.2971927121281624,0.2496391836553812
114,elephant,animals,nouns,0.5020358026027679,0.4672455430030823,0.36976799964904783,0.3938378684222698,0.4427461564540863,0.352530300617218
115,fish,animals,nouns,0.3460871744900942,0.35448638796806337,0.32815092876553537,0.4036554791033268,0.3888555198907852,0.3787660852074623
116,frog,animals,nouns,0.37307415157556534,0.47476336508989336,0.2971218675374985,0.42707284837961196,0.3144633604420556,0.2586189523339272
117,giraffe,animals,nouns,0.3987438566982746,0.3731010302901268,0.40493994653224946,0.4446572944521904,0.3519645120948553,0.3855524644255638
118,goose,animals,nouns,0.27458022236824037,0.25222388096153736,0.2623303189873695,0.34531349688768387,0.2919265329837799,0.19328323602676392
119,hen,animals,nouns,0.23017378710210323,0.3591834058364232,0.3150358986523416,0.33236204385757445,0.2885904170572758,0.29155047833919523
120,horse,animals,nouns,0.34457899009188014,0.327932994812727,0.4231606059604221,0.3804815113544464,0.33365012258291243,0.3397903278470039
121,kitty,animals,nouns,0.32871845530139077,0.3164282150566578,0.3001609280705452,0.20708378528555235,0.2317892864346504,0.14771944992244243
122,lamb,animals,nouns,0.27543944492936134,0.4495812475681305,0.44567165076732634,0.2880917282568084,0.40028005176120335,0.2834961533546448
123,lion,animals,nouns,0.283867110311985,0.3591248012251324,0.31747719562715954,0.31332809498740566,0.3282586678862572,0.32642671540379525
124,monkey,animals,nouns,0.259262729022238,0.32921826988458636,0.39740870479080415,0.30807768056790036,0.3815285086631775,0.3446326404809952
125,moose,animals,nouns,0.2101396217942238,0.1568980235606432,0.20744657665491104,0.2523940414190292,0.16447691642679274,0.31577816158533095
126,mouse,animals,nouns,0.22982157725426886,0.24435306303203105,0.26829158291220667,0.21336245387792588,0.17406412083655595,0.24603406050139004
127,owl,animals,nouns,0.3850513892248273,0.3346096496615145,0.26943385861814023,0.2811402685940266,0.3457951645056407,0.16120392978191375
128,penguin,animals,nouns,0.3520757796242833,0.40613606441766026,0.30862329453229903,0.2516430027782917,0.3136800676584244,0.261203096061945
129,pig,animals,nouns,0.3550668239593506,0.3163895540767246,0.427590999007225,0.3418721199035645,0.2203625351190567,0.2859343893826008
130,pony,animals,nouns,0.13954568654298782,0.1737334154546261,0.2438257798552513,0.15334142036736012,0.18511152788996696,0.16460298001766205
131,puppy,animals,nouns,0.492647900349564,0.4703312575817108,0.43044754266738894,0.3772360859438777,0.30455458760261533,0.28324631936848166
132,rooster,animals,nouns,0.3783804376920064,0.3551931579907735,0.3771677249007755,0.33728506714105605,0.27582872493399513,0.2704345792531967
133,sheep,animals,nouns,0.3122648277453014,0.3729208873377906,0.39323691576719283,0.39827917392055195,0.3380078598856926,0.2977053582668304
134,squirrel,animals,nouns,0.30456971045997405,0.26825712993741035,0.3516325205564499,0.38937950879335403,0.4396309718489647,0.23268556743860244
135,teddybear,animals,nouns,0.0,0.0,0.0,0.0,0.0,0.0
136,tiger,animals,nouns,0.37619078987174565,0.37571078427135945,0.31481425240635874,0.36899298926194507,0.31218779981136324,0.2638554027304053
137,turkey,animals,nouns,0.21102570816874505,0.34012079425156116,0.36119966208934784,0.308198019862175,0.3407036554482248,0.3746327474713326
138,turtle,animals,nouns,0.28748227573103374,0.3451340513303876,0.3141857120725844,0.3166066724807024,0.3660408280789852,0.3279736340045929
139,wolf,animals,nouns,0.1487671153412925,0.15618700804188848,0.1944939409279161,0.15749657526612282,0.09889487996697426,0.2634286887943745
140,zebra,animals,nouns,0.3219086581634151,0.23164298654430443,0.1922441802918911,0.2849604836665094,0.1357824970036745,0.10971099175512791
141,ankle,body_parts,nouns,0.25128344297409055,0.0,0.0,0.0,0.0,0.3582792028784752
142,arm,body_parts,nouns,0.2865698240697384,0.3203942567110062,0.36787937747107613,0.36265077739953994,0.27746030936638516,0.31871317848563196
143,belly_button,body_parts,nouns,0.0,0.0,0.0,0.0,0.0,0.0
144,buttocks,body_parts,nouns,0.0,0.0,0.0,0.0,0.0,0.0
145,cheek,body_parts,nouns,0.19493610991372,0.167902435362339,0.16518599838018416,0.12729883827269078,0.2426773789856169,0.22273307899013162
146,chin,body_parts,nouns,0.16762460907921195,0.25189546048641204,0.28458763162295025,0.2920835117499034,0.2747342569960488,0.2628875859081745
147,ear,body_parts,nouns,0.3014547131955624,0.2826330687850714,0.38025499714745414,0.36323841065168383,0.2988000467419624,0.3574485883116722
148,eye,body_parts,nouns,0.313654331697358,0.26592444702982904,0.29325683414936066,0.27801493803660077,0.27740610390901566,0.23446266874670982
149,face,body_parts,nouns,0.22764251753687859,0.23442533281114367,0.18467357326298953,0.23425017148256302,0.1807631179690361,0.20994932370053399
150,finger,body_parts,nouns,0.3292625851929188,0.3976982653141022,0.3611182294785976,0.4183182954788208,0.3018027119338512,0.23971629031002523
151,foot,body_parts,nouns,0.23039702959358693,0.27400908470153806,0.2459454745054245,0.30018726736307144,0.22598628997802733,0.1959571924060583
152,hair,body_parts,nouns,0.30269290693104267,0.3650606691837311,0.3675619401037693,0.3155625991523266,0.3939348727464676,0.3930977914068434
153,hand,body_parts,nouns,0.28508436530828474,0.29091592580080033,0.2874038010835648,0.3115707542747259,0.22590350732207298,0.2802254192531109
154,head,body_parts,nouns,0.1866599205881357,0.18572375327348709,0.22272830903530122,0.20131109986040327,0.20381754785776138,0.21700622141361237
155,knee,body_parts,nouns,0.3356300043976969,0.4409269757568836,0.38192896693944933,0.3998692661523819,0.3301724173128605,0.22258320078253746
156,leg,body_parts,nouns,0.404434897005558,0.4155822694301605,0.4039537437260151,0.36500290781259537,0.26921544689685106,0.33808824568986895
157,lips,body_parts,nouns,0.0,0.0,0.0,0.0,0.0,0.0
158,mouth,body_parts,nouns,0.3396575003862381,0.3129171848297119,0.29121207259595394,0.2856330888138877,0.3428065061569214,0.32837979346513746
159,nose,body_parts,nouns,0.29061127867963576,0.3014803394675255,0.4758777230978012,0.3335588210158878,0.33674568235874175,0.37511985618621113
160,owie,body_parts,nouns,0.29609085536665386,0.2740417331457138,0.2663033436983824,0.0,0.26685361862182616,0.0
161,penis,body_parts,nouns,0.0,0.0,0.0,0.0,0.26686814096238876,0.0
162,shoulder,body_parts,nouns,0.21423167549073696,0.313785008341074,0.23034003004431725,0.3821554428173436,0.30544966193182127,0.3328461363911629
163,toe,body_parts,nouns,0.27821162939071653,0.3354331873357296,0.28446546047925947,0.4264236092567444,0.23713828325271608,0.21494293659925462
164,tongue,body_parts,nouns,0.2666312555472056,0.304140418022871,0.32593567818403246,0.2691790792677138,0.23391209873888227,0.29901530891656875
165,tooth,body_parts,nouns,0.2697899267077446,0.22113397046923639,0.2719362087547779,0.20440410915762186,0.29421621561050415,0.263726956024766
166,tummy,body_parts,nouns,0.29602985084056854,0.36050097942352294,0.35689427703619003,0.33259158995416427,0.3526768073439598,0.3481864233811696
167,vagina,body_parts,nouns,0.0,0.0,0.0,0.0,0.0,0.0
168,beads,clothing,nouns,0.0,0.0,0.0,0.0,0.0,0.0
169,belt,clothing,nouns,0.16845330223441124,0.2719003804028034,0.2716349929571152,0.2686781825290786,0.14100503474473952,0.17580856718122959
170,bib,clothing,nouns,0.2935009654611349,0.32625730335712433,0.30904313921928406,0.24402540839380688,0.2752327339516746,0.0
171,boots,clothing,nouns,0.0,0.0,0.0,0.0,0.0,0.0
172,button,clothing,nouns,0.20071231052279473,0.17901005186140537,0.27480044066905973,0.2122880993410945,0.1937307980325487,0.2077285096049309
173,coat,clothing,nouns,0.4189980536699295,0.41229394674301145,0.39611932039260866,0.38160645961761475,0.4316638559103012,0.40134896636009215
174,diaper,clothing,nouns,0.25016362639144063,0.3144094538874924,0.3464682483010822,0.32392953522503376,0.2928515887922711,0.31174102835357187
175,dress,clothing,nouns,0.3491797462105751,0.49479984417557715,0.5506744500663545,0.526082918047905,0.4072586879134178,0.38953057378530503
176,gloves,clothing,nouns,0.0,0.0,0.0,0.0,0.0,0.0
177,hat,clothing,nouns,0.3739150643348694,0.39288408905267713,0.34807681739330293,0.3853334993124008,0.36116669244236416,0.35317461043596265
178,jacket,clothing,nouns,0.508240956068039,0.49440139200952316,0.4492102430926429,0.5530170440673828,0.4698387920856476,0.4253716289997101
179,jeans,clothing,nouns,0.44206637806362575,0.15260116159915924,0.3933444246649742,0.0,0.0,0.39948620498180387
180,mittens,clothing,nouns,0.0,0.0,0.0,0.0,0.0,0.0
181,necklace,clothing,nouns,0.2576178178191185,0.23408502843230963,0.386488096581565,0.29986267760396,0.2269573651254177,0.245250444031424
182,pajamas,clothing,nouns,0.33359064534306526,0.45039309561252594,0.3578272592276335,0.3784140729241901,0.40055327489972115,0.3618634924292564
183,pants,clothing,nouns,0.5182862712277306,0.5366860598325729,0.4904015511274338,0.4640204332768917,0.48092760973506504,0.46338902910550434
184,scarf,clothing,nouns,0.37332404851913453,0.39830574244260786,0.3827594369649887,0.47013880163431165,0.39066912792623043,0.350920233130455
185,shirt,clothing,nouns,0.38652255535125735,0.4943097796705034,0.38519630432128904,0.5079489320516586,0.4338894933462143,0.4658582240343094
186,shoe,clothing,nouns,0.42283420264720917,0.4668697893619537,0.46142939627170565,0.4327043857839372,0.47631201446056365,0.4073628604412079
187,shorts,clothing,nouns,0.35583755001425743,0.43659159243106843,0.3517257034778595,0.3655976355075836,0.3236753664910793,0.3604791730642319
188,slipper,clothing,nouns,0.3590604000621372,0.3858324471447203,0.414589986205101,0.3730139020416472,0.3918812870979309,0.20739854209952885
189,sneaker,clothing,nouns,0.29204303305596113,0.0,0.3689356058835983,0.0,0.3954746110571755,0.29119790755212305
190,snowsuit,clothing,nouns,0.0,0.0,0.0,0.0,0.0,0.0
191,sock,clothing,nouns,0.42604395747184753,0.41669631004333496,0.4072687715291977,0.419013649225235,0.43893101811408997,0.38270364701747894
192,sweater,clothing,nouns,0.38932267054915426,0.505716136097908,0.354922322763337,0.5155001779397329,0.3823787139521705,0.4409180715680122
193,tights,clothing,nouns,0.0,0.0,0.0,0.4563508927822113,0.0,0.0
194,underpants,clothing,nouns,0.0,0.0,0.0,0.0,0.0,0.0
195,zipper,clothing,nouns,0.28109277971088886,0.10190265170401996,0.352913798391819,0.27085235714912415,0.17748249806463717,0.0
196,and,connecting_words,nouns,0.0,0.0,0.0,0.0,0.0,0.0
197,because,connecting_words,nouns,0.43295073211193086,0.4782218962907791,0.42915467023849485,0.4734051260683272,0.470628160238266,0.4976180523633957
198,but,connecting_words,nouns,0.45710499584674835,0.4566710263490677,0.4545916285779741,0.5227065443992615,0.5232091248035431,0.5059251010417938
199,if,connecting_words,nouns,0.44119280874729155,0.45842914779980976,0.45837009251117705,0.47824291288852694,0.4492177277803421,0.43112758696079256
200,so,connecting_words,nouns,0.5320960193872452,0.48992238845676184,0.4825187735259533,0.4235028214752674,0.49608847830030656,0.5169877906640371
201,then,connecting_words,nouns,0.4030998978349898,0.42863754289490835,0.3964470194445716,0.40901078070913044,0.44924871250987053,0.42127299681305885
202,all_gone,descriptive_words,nouns,0.0,0.0,0.0,0.0,0.0,0.0
203,asleep,descriptive_words,nouns,0.2470163308084011,0.29656812995672227,0.35426893532276155,0.38779758827553856,0.3660447672009468,0.3267564445734024
204,awake,descriptive_words,nouns,0.2675737105309963,0.25701261394553715,0.1926656249910593,0.2681600391864777,0.16022074781358242,0.29777581840753553
205,bad,descriptive_words,nouns,0.23561219622691473,0.31987240016460416,0.28245454529921216,0.2992221057415009,0.2598941534757614,0.4221758106723428
206,better,descriptive_words,nouns,0.0,0.0,0.0,0.0,0.0,0.0
207,big,descriptive_words,nouns,0.3728537121787667,0.3357093921966023,0.3027568616800838,0.31606913190335034,0.2763403124279446,0.30416296795010567
208,black,descriptive_words,nouns,0.374930776655674,0.33386361226439476,0.26652938723564146,0.3624351903796196,0.39464288055896757,0.3471728563308716
209,blue,descriptive_words,nouns,0.5758016973733902,0.5122884329822328,0.5150370829635196,0.5447761476039886,0.5480686616566446,0.5438173227012157
210,broken,descriptive_words,nouns,0.0,0.0,0.0,0.0,0.0,0.0
211,brown,descriptive_words,nouns,0.37898040413856504,0.3779753528535366,0.33300545662641523,0.2717524017724726,0.40968939289450645,0.19525225907564164
212,careful,descriptive_words,nouns,0.11649213482936223,0.15594115033745765,0.1312249494450433,0.12344558201730252,0.1122534565627575,0.19341881535947322
213,cold,descriptive_words,nouns,0.3017568621370528,0.4065278023481369,0.3557081431150436,0.36978095285594464,0.3553695403039455,0.3995434708065457
214,cute,descriptive_words,nouns,0.3876982695526547,0.22318141274154185,0.3584568686783314,0.30322261568572784,0.3516037791967392,0.2842307951715257
215,dark,descriptive_words,nouns,0.2529793351888657,0.3224730059504509,0.30083426609635355,0.3245607117811839,0.2696394585072994,0.21689514368772506
216,dirty,descriptive_words,nouns,0.3252028703689575,0.28874442643589443,0.3140381693840027,0.318437647074461,0.27946282774209974,0.3645724385976791
217,empty,descriptive_words,nouns,0.22882692846986982,0.14380302876234055,0.16385126039385794,0.1445763235911727,0.19170541167259217,0.1449168946594
218,fast,descriptive_words,nouns,0.2032725748916467,0.24169289982981151,0.20844976603984833,0.21197267677634954,0.13481585039860672,0.17564748637378216
219,fine,descriptive_words,nouns,0.10639213379472494,0.12372851185500622,0.15846359889422143,0.15317139104008676,0.16943844540842942,0.11719407234340906
220,first,descriptive_words,nouns,0.25720244066582787,0.2153440397232771,0.2655323245562613,0.21088520603047478,0.2627322055399418,0.19651655294001102
221,full,descriptive_words,nouns,0.1185864893719554,0.11300778796430677,0.12365958876907826,0.09803284663293096,0.1489492567256093,0.11458630468696356
222,gentle,descriptive_words,nouns,0.1850513913668692,0.1929223719984293,0.13256095194568238,0.18927414044737817,0.17723209597170353,0.19230439392849802
223,good,descriptive_words,nouns,0.41092354953289034,0.37095834910869596,0.43523156046867373,0.4180927276611328,0.5041712008416652,0.41405491228215396
224,green,descriptive_words,nouns,0.33846046030521393,0.3848196073538727,0.43767475419574314,0.36273950785398484,0.406326100230217,0.3520046591758728
225,happy,descriptive_words,nouns,0.23051431568132508,0.36811067329512703,0.3876231395535999,0.22232110011908743,0.23493966776877642,0.22673758947187
226,hard,descriptive_words,nouns,0.2883972093462944,0.2917483478784561,0.23110041990876198,0.15572863407433032,0.2983296811580658,0.25025618076324463
227,heavy,descriptive_words,nouns,0.19063786842993327,0.2052397757768631,0.21488096229732037,0.15796613972634077,0.16986887473613024,0.18588865651852554
228,high,descriptive_words,nouns,0.17993502877652645,0.23160311430692673,0.19404804883524776,0.13700657235458494,0.14453687643011412,0.1899356871843338
229,hot,descriptive_words,nouns,0.22483209222555162,0.3189507469534874,0.2781194932758808,0.21764240711927413,0.2915995915730794,0.21841188934114245
230,hungry,descriptive_words,nouns,0.30545093566179277,0.20849375613033772,0.2178331831470132,0.1761544205248356,0.1603427279740572,0.19009378887712955
231,hurt,descriptive_words,nouns,0.21334185674786568,0.18313848376274108,0.20345406159758567,0.22806753329932689,0.20943291373550893,0.18579248007800844
232,last,descriptive_words,nouns,0.2785226425155997,0.327988817046086,0.40338696042696637,0.24271083602474797,0.23545127920806408,0.3233179286122322
233,little,descriptive_words,nouns,0.4124836102128029,0.3563096800020763,0.2934386618435383,0.3147231061011553,0.2716649379581213,0.42207385692745447
234,long,descriptive_words,nouns,0.22957967296242715,0.19188878685235977,0.21624838877469302,0.2011503841727972,0.2002741815522313,0.21091528236865997
235,loud,descriptive_words,nouns,0.2536630713277393,0.3463604317771064,0.2865818060106701,0.25581232756376265,0.2780089259147644,0.3002675615251064
236,mad,descriptive_words,nouns,0.2948047608137131,0.29058976769447326,0.29986313896046746,0.22782986462116242,0.29567261375486853,0.3490621358156204
237,naughty,descriptive_words,nouns,0.21637183013889524,0.26127836406230925,0.2478298731148243,0.2637499451637268,0.21759075336158276,0.12038364857435227
238,new,descriptive_words,nouns,0.18761405758559704,0.0860402010795143,0.09726131223142147,0.07834951942786575,0.1775867057343324,0.1286203264258802
239,nice,descriptive_words,nouns,0.4663437136581966,0.40892665253745186,0.4627715274691582,0.4245850771665573,0.43649512231349946,0.4131414563291603
240,noisy,descriptive_words,nouns,0.0,0.0,0.0,0.0,0.0,0.0
241,old,descriptive_words,nouns,0.14329683573709595,0.1867237627506256,0.22755729034543037,0.19579734988510608,0.17828159667551519,0.34014820456504824
242,poor,descriptive_words,nouns,0.10074996501207352,0.12618137821555137,0.1114154564216733,0.14275727979838848,0.1311567049473524,0.11318890833192402
243,pretty,descriptive_words,nouns,0.3523813866906696,0.3350059787432353,0.35842764675617217,0.325690574116177,0.3380181096494198,0.40646654181182384
244,quiet,descriptive_words,nouns,0.20359277818351984,0.24297307580709457,0.19424985349178314,0.1339442754164338,0.22728354707360268,0.229388277977705
245,red,descriptive_words,nouns,0.5166341990232468,0.523212243285444,0.5589356025060018,0.5463311076164246,0.5223717788855234,0.48326951265335083
246,sad,descriptive_words,nouns,0.19409306430154377,0.3327440487013923,0.258551087975502,0.24370700716972352,0.2484483371178309,0.24929083585739137
247,scared,descriptive_words,nouns,0.0,0.0,0.0,0.0,0.0,0.0
248,sick,descriptive_words,nouns,0.12934494093060495,0.20605555176734924,0.13681320380419493,0.3091693833470345,0.28075244691636825,0.2722376849916246
249,sleepy,descriptive_words,nouns,0.0,0.0,0.0,0.0,0.0,0.0
250,slow,descriptive_words,nouns,0.21565024368464947,0.1704272844104303,0.22150473213858074,0.2535756023393737,0.18433465510606767,0.20714171106616655
251,soft,descriptive_words,nouns,0.21730040800240305,0.19591209644244778,0.20210123360157012,0.24971644654870034,0.1668555960059166,0.20503207585877842
252,sticky,descriptive_words,nouns,0.28247363641858103,0.2918985888361931,0.2507542684674263,0.2548683390021324,0.19973137527704238,0.25534093214405906
253,stuck,descriptive_words,nouns,0.0,0.0,0.0,0.0,0.0,0.0
254,thirsty,descriptive_words,nouns,0.0,0.0,0.0,0.0,0.0,0.0
255,tiny,descriptive_words,nouns,0.2651835698634386,0.29837466983331573,0.18509251885116101,0.15408746972680093,0.22577777728438378,0.20941698476672171
256,tired,descriptive_words,nouns,0.0,0.0,0.0,0.0,0.0,0.0
257,wet,descriptive_words,nouns,0.2988370930155118,0.34543608874082565,0.3436334662967258,0.3999760180711746,0.38298838809132574,0.3723717167973518
258,white,descriptive_words,nouns,0.5348713099956512,0.4710668350259463,0.39309106580913067,0.5440687276422977,0.5055865968267123,0.4816746943526798
259,windy,descriptive_words,nouns,0.0,0.0,0.0,0.0,0.0,0.0
260,yellow,descriptive_words,nouns,0.4572552368044853,0.49612446191410225,0.5251254869831933,0.5201363794505596,0.4922674402594566,0.4538597121834755
261,yucky,descriptive_words,nouns,0.0,0.0,0.0,0.0,0.0,0.0
262,apple,food_drink,nouns,0.43510981388390063,0.5000089347362519,0.5087600737810135,0.44247728288173677,0.4669942773878574,0.4471562083810568
263,applesauce,food_drink,nouns,0.0,0.0,0.0,0.0,0.0,0.0
264,banana,food_drink,nouns,0.3618396192789078,0.4116836443543434,0.357375268638134,0.45921229720115664,0.30518447011709215,0.2815597806125879
265,beans,food_drink,nouns,0.0,0.0,0.0,0.0,0.0,0.0
266,bread,food_drink,nouns,0.41244094967842104,0.40994705110788343,0.39557352662086487,0.4035611480474472,0.36378020197153094,0.4154902383685112
267,butter,food_drink,nouns,0.30343541668521035,0.32925994247198104,0.40216723680496214,0.32013692110776903,0.3589027926325798,0.3240407334640622
268,cake,food_drink,nouns,0.35903294533491137,0.3838249951601028,0.4366748869419098,0.3855728030204773,0.3743815451860428,0.3854279100894928
269,candy,food_drink,nouns,0.23470460457934272,0.31589109599590304,0.18027154066496426,0.17547972835600376,0.31175611913204193,0.23358678072690964
270,carrots,food_drink,nouns,0.0,0.0,0.0,0.0,0.0,0.0
271,cereal,food_drink,nouns,0.41780210211873053,0.3638977646827698,0.4303344517946243,0.3582093119621277,0.3231879685074091,0.3892957463860512
272,cheerios,food_drink,nouns,0.0,0.0,0.0,0.0,0.0,0.0
273,cheese,food_drink,nouns,0.46815960109233856,0.4751986132727729,0.4253774553537369,0.47859648764133456,0.35261195302009585,0.38266317546367645
274,chocolate,food_drink,nouns,0.3768165990710258,0.43006405532360076,0.41215931065380573,0.3126860972493887,0.3527605518698692,0.3748385399580002
275,coffee,food_drink,nouns,0.4296040564775467,0.4036164291203022,0.38852027505636216,0.352641960978508,0.3213460877537727,0.41630234122276305
276,coke,food_drink,nouns,0.2704606369137764,0.1960097000002861,0.21177428551018238,0.213761555403471,0.25830134087138706,0.2583031564950943
277,cookie,food_drink,nouns,0.3006596028804779,0.35604596585035325,0.3489917486906052,0.3758746733268102,0.3988834246993065,0.31190175041556356
278,corn,food_drink,nouns,0.23886566702276468,0.3127388084307313,0.3123129838042789,0.28675720691680906,0.3685006469488144,0.34448428004980086
279,cracker,food_drink,nouns,0.20250167921185494,0.25491228699684143,0.24561623781919478,0.21297539621591569,0.2371123217046261,0.25973145812749865
280,donut,food_drink,nouns,0.2683791129125489,0.0,0.0,0.2701717525720596,0.0,0.37253918349742887
281,drink,food_drink,nouns,0.455082380771637,0.43792990148067473,0.4621467486023903,0.3904287502169609,0.42705724090337754,0.43661427348852155
282,egg,food_drink,nouns,0.29135880507528783,0.19975673444569111,0.2055970747023821,0.2921030387282372,0.1773667275905609,0.21983812600374222
283,food,food_drink,nouns,0.3425198660956489,0.23127924650907516,0.30128600597381594,0.23543462405602136,0.3102152831852436,0.23261735141277312
284,french_fries,food_drink,nouns,0.0,0.0,0.0,0.0,0.0,0.0
285,grapes,food_drink,nouns,0.0,0.0,0.0,0.0,0.0,0.0
286,green_beans,food_drink,nouns,0.0,0.0,0.0,0.0,0.0,0.0
287,gum,food_drink,nouns,0.18536719245215258,0.32648331224918364,0.260429584980011,0.14432350499555469,0.23148515986071694,0.23779010847210885
288,hamburger,food_drink,nouns,0.40011040568351747,0.3502239376306534,0.3505317844450474,0.3622290059924126,0.5264813005924225,0.264086101618078
289,ice,food_drink,nouns,0.15117326378822327,0.16440515716870627,0.2017021119594574,0.1820158747335275,0.1717829571829902,0.18229886814951896
290,ice_cream,food_drink,nouns,0.0,0.0,0.0,0.0,0.0,0.0
291,jello,food_drink,nouns,0.3216303586959839,0.28669710010290145,0.0,0.0,0.0,0.37815778454144794
292,jelly,food_drink,nouns,0.26434664353728293,0.33602035567164423,0.33776907126108807,0.3330620288848877,0.39343315694067216,0.3554296806454659
293,juice,food_drink,nouns,0.36507267169654367,0.4275631010532379,0.32279895544052123,0.41737802028656007,0.3997999891638756,0.4412689834833145
294,lollipop,food_drink,nouns,0.27494953721761706,0.2810268998146057,0.26858781576156615,0.1362822102382779,0.26330997347831725,0.29360696524381635
295,meat,food_drink,nouns,0.36658783107995985,0.33483838886022566,0.3878868371248245,0.40640580356121064,0.31451095417141917,0.3864035502076149
296,melon,food_drink,nouns,0.42327958792448045,0.4067122243344784,0.3796983391046524,0.38629986511336434,0.0,0.0
297,milk,food_drink,nouns,0.4170187532901764,0.36829127073287965,0.3517988085746765,0.3320429064333439,0.36686420142650605,0.3520449988543987
298,muffin,food_drink,nouns,0.4630000591278076,0.3881754904985428,0.326303593814373,0.38572553992271424,0.35480902791023256,0.3350011648403274
299,noodles,food_drink,nouns,0.0,0.0,0.0,0.0,0.0,0.0
300,nuts,food_drink,nouns,0.2316974386572838,0.2198537454009056,0.23516030590981246,0.24592091888189316,0.11355759250000119,0.21127163320779802
301,orange,food_drink,nouns,0.45542301535606383,0.40546680204570296,0.4611960619688034,0.481841504573822,0.31868249326944353,0.31551723331213
302,pancake,food_drink,nouns,0.324036229815748,0.3173574984073639,0.26725555658340455,0.3690888285636902,0.3552391678094864,0.23897633347660302
303,peas,food_drink,nouns,0.0,0.0,0.0,0.0,0.0,0.0
304,peanut_butter,food_drink,nouns,0.0,0.0,0.0,0.0,0.0,0.0
305,pickle,food_drink,nouns,0.335113950073719,0.14438800803489155,0.33132190853357313,0.2850743465125561,0.30470926910638807,0.32616825848817826
306,pizza,food_drink,nouns,0.4332029432058334,0.4277300924062729,0.4365990936756134,0.476960152387619,0.3808995604515076,0.33432202488183976
307,popcorn,food_drink,nouns,0.0,0.0,0.0,0.0,0.0,0.0
308,popsicle,food_drink,nouns,0.1732993505895138,0.3471757471561432,0.0,0.15812515715758005,0.3392638087272644,0.23806527422534096
309,potato_chip,food_drink,nouns,0.0,0.0,0.0,0.0,0.0,0.0
310,potato,food_drink,nouns,0.3642828710377216,0.39092945009469987,0.4236001655459404,0.4044163256883621,0.45012976676225663,0.41906262189149857
311,pretzel,food_drink,nouns,0.32404124587774275,0.25939632145067054,0.3457334220409393,0.0,0.0,0.33843092024326327
312,pudding,food_drink,nouns,0.34071235731244087,0.41704553696844315,0.3974670976400375,0.38611480593681335,0.370949450135231,0.3598535045981407
313,pumpkin,food_drink,nouns,0.16359823271632196,0.2700792789459229,0.35360985696315766,0.2228356311097741,0.2893729656934738,0.3846442198380828
314,raisin,food_drink,nouns,0.2901837170124054,0.3067448239773512,0.35484159820609623,0.3782311826944351,0.3131395861506462,0.3392346128821373
315,salt,food_drink,nouns,0.2609462525695562,0.2901549767702818,0.34524006545543673,0.29210809618234634,0.26208715960383416,0.3210289925336838
316,sandwich,food_drink,nouns,0.4622055192788442,0.4763546354240841,0.4545737385749817,0.3992084794574314,0.3756886005401611,0.3897530764341354
317,sauce,food_drink,nouns,0.4638466745615005,0.37795318514108656,0.4211405009031296,0.4475805550813675,0.452924856543541,0.374260838329792
318,soda,food_drink,nouns,0.3401407778263092,0.21572766453027725,0.0,0.0,0.3070035699754953,0.4280173689126968
319,soup,food_drink,nouns,0.5056980162858963,0.43281565606594086,0.43903290629386904,0.4844469130039215,0.41160487234592436,0.46583591898282367
320,spaghetti,food_drink,nouns,0.3811663806438446,0.36236946284770966,0.36659884452819824,0.3527095794677734,0.2994364082813263,0.40259311348199844
321,strawberry,food_drink,nouns,0.3852872930467129,0.5572299599647522,0.4444382444024086,0.45311709940433503,0.43143409080803397,0.4298337522894144
322,toast,food_drink,nouns,0.33508505755000645,0.35792567431926725,0.32576299756765364,0.34834898859262464,0.3399852588772774,0.3109961569309235
323,tuna,food_drink,nouns,0.2033135270078977,0.2998640280630853,0.3765670955181122,0.0,0.29093689322471616,0.3148810863494873
324,vanilla,food_drink,nouns,0.0,0.0,0.2820476904511452,0.3399881437420845,0.3780929185450077,0.4456882894039154
325,vitamins,food_drink,nouns,0.0,0.0,0.0,0.0,0.0,0.0
326,water,food_drink,nouns,0.3191370218992233,0.1966308183968067,0.28309808671474457,0.2685214772820473,0.28543885946273806,0.27554050385951995
327,yogurt,food_drink,nouns,0.42063505947589874,0.3701024979352951,0.49268301427364347,0.442584353685379,0.34120338708162307,0.3835540473461151
328,basement,furniture_rooms,nouns,0.17019849168136716,0.0,0.0,0.0,0.1441262409090996,0.18693230897188187
329,bathroom,furniture_rooms,nouns,0.0,0.0,0.0,0.0,0.0,0.0
330,bathtub,furniture_rooms,nouns,0.0,0.0,0.0,0.0,0.0,0.0
331,bed,furniture_rooms,nouns,0.3763093542721536,0.42472308576107026,0.45631929238637287,0.4395670846104622,0.4040644516547521,0.3780402034521103
332,bedroom,furniture_rooms,nouns,0.0,0.0,0.0,0.0,0.0,0.0
333,bench,furniture_rooms,nouns,0.059727323800325395,0.1356452640146017,0.1749613628619247,0.1268911436200142,0.1662065088748932,0.14236514270305634
334,chair,furniture_rooms,nouns,0.26760527975857257,0.3099240407347679,0.28423853516578673,0.2751673936843872,0.2300391025841236,0.22071980144828557
335,closet,furniture_rooms,nouns,0.26763613261282443,0.278010415016777,0.30744660943746566,0.38271065801382065,0.3138798392481274,0.20452703018155363
336,couch,furniture_rooms,nouns,0.3997384890913963,0.4356643781065941,0.4706877678632736,0.33116878382861614,0.333870093524456,0.21286819130182266
337,crib,furniture_rooms,nouns,0.2674051061272621,0.27516747564077376,0.31881342000431484,0.260940495505929,0.3330512851476669,0.2983990415930748
338,door,furniture_rooms,nouns,0.26170331090688703,0.33120765164494514,0.33634745329618454,0.27605702709406615,0.3373005658388138,0.2408287392722236
339,drawer,furniture_rooms,nouns,0.3341527093201876,0.24771928489208223,0.3808229513466358,0.2567953608930111,0.3117080569267273,0.2384496733546257
340,dryer,furniture_rooms,nouns,0.3121336880657408,0.0,0.20603009387850763,0.10678427629172801,0.24892418086528778,0.0
341,garage,furniture_rooms,nouns,0.270309554040432,0.2035941599868238,0.2384698897600174,0.2310087613761425,0.24208704428747296,0.2324325508541531
342,high_chair,furniture_rooms,nouns,0.0,0.0,0.0,0.0,0.0,0.0
343,kitchen,furniture_rooms,nouns,0.3999500282936626,0.40288842618465426,0.4751465395092964,0.40561031103134154,0.34899919889867304,0.16632358431816102
344,living_room,furniture_rooms,nouns,0.0,0.0,0.0,0.0,0.0,0.0
345,oven,furniture_rooms,nouns,0.453507798910141,0.41984217837452886,0.5322804182767868,0.5138058066368103,0.5260286599397659,0.4025978989899158
346,play_pen,furniture_rooms,nouns,0.0,0.0,0.0,0.0,0.0,0.0
347,porch,furniture_rooms,nouns,0.0,0.2141132690012455,0.0,0.12460788413882255,0.23850589133799077,0.0
348,potty,furniture_rooms,nouns,0.0,0.0,0.0,0.0,0.0,0.0
349,rocking_chair,furniture_rooms,nouns,0.0,0.0,0.0,0.0,0.0,0.0
350,refrigerator,furniture_rooms,nouns,0.45951919741928576,0.31441313698887824,0.49331282675266264,0.3426374413073063,0.39885322666830486,0.31587604582309725
351,room,furniture_rooms,nouns,0.22632012963294984,0.1924297240562737,0.24269075654447078,0.314458975661546,0.2532355309360557,0.16621432658284901
352,shower,furniture_rooms,nouns,0.2470073588192463,0.3110081970691681,0.3757210336625576,0.34934916701167823,0.3100083351135254,0.2984288439154625
353,sink,furniture_rooms,nouns,0.22312278151512147,0.2561412170529366,0.2361225537955761,0.2133820489048958,0.23236841410398484,0.275361730158329
354,sofa,furniture_rooms,nouns,0.371492389175627,0.4794312834739685,0.4885049521923065,0.288442625105381,0.4484730511903763,0.19633029898007712
355,stairs,furniture_rooms,nouns,0.0,0.0,0.0,0.0,0.0,0.0
356,stove,furniture_rooms,nouns,0.38350352793931963,0.33203164935112,0.40669074058532717,0.35028851628303526,0.28584148436784745,0.3284129686653614
357,table,furniture_rooms,nouns,0.28010509461164473,0.28744538873434067,0.2914042517542839,0.2533827026685079,0.28688177540898324,0.22796429917216302
358,tv,furniture_rooms,nouns,0.28983311479290325,0.16851632483303547,0.33332954926623237,0.305489443656471,0.2746772011741996,0.3100906893610954
359,window,furniture_rooms,nouns,0.22965143769979476,0.36585708111524584,0.29990365989506246,0.29596204981207846,0.32934883385896685,0.24603255242109298
360,washing_machine,furniture_rooms,nouns,0.0,0.0,0.0,0.0,0.0,0.0
361,bath,games_routines,nouns,0.2681751317448086,0.36395098781213164,0.36741206381056046,0.3139675185084343,0.3163125448756748,0.3147963333874941
362,breakfast,games_routines,nouns,0.4774507835507393,0.4062690034508705,0.49127033948898313,0.4670997351408005,0.45837547183036803,0.47848979085683824
363,bye,games_routines,nouns,0.18486683256924152,0.1564616821706295,0.12741517461836338,0.1507947549689561,0.16115211612648433,0.13791216992669636
364,call,games_routines,nouns,0.27513095405366683,0.11600746256299317,0.17401407286524773,0.17520109191536903,0.21559743955731392,0.17989903315901756
365,dinner,games_routines,nouns,0.41894889175891875,0.4346632048487663,0.4427870139479637,0.4682298931810591,0.4828865627447764,0.45151103138923643
366,give_me_five,games_routines,nouns,0.0,0.0,0.0,0.0,0.0,0.0
367,gonna_get_you,games_routines,nouns,0.0,0.0,0.0,0.0,0.0,0.0
368,go_potty,games_routines,nouns,0.0,0.0,0.0,0.0,0.0,0.0
369,hello,games_routines,nouns,0.41310110688209534,0.36157994158566,0.3871787318161556,0.3326027457203184,0.29412140510976315,0.3066420389546288
370,hi,games_routines,nouns,0.37807134858199526,0.38760831579566,0.3213255703449249,0.20175128988921642,0.35364501509401536,0.31871679797768593
371,lunch,games_routines,nouns,0.4074787274003029,0.48463316900389536,0.4560105219483376,0.4353527888655663,0.4725631132721901,0.3972303933463991
372,nap,games_routines,nouns,0.2730609562713653,0.24052034132182598,0.3728706255141232,0.21916213155620629,0.3162814602255821,0.28628732860088346
373,night_night,games_routines,nouns,0.0,0.0,0.0,0.0,0.0,0.0
374,no,games_routines,nouns,0.28192649367782807,0.31949356695016223,0.16633945597069605,0.33400044180452826,0.17560052126646042,0.3112936903323446
375,pattycake,games_routines,nouns,0.22524035059743458,0.0,0.0,0.0,0.0,0.0
376,peekaboo,games_routines,nouns,0.18186678418091365,0.16777420789003372,0.09139834199514654,0.0,0.16095695768793425,0.0
377,please,games_routines,nouns,0.2004191182553768,0.1871980257332325,0.2517027258872986,0.14278945401310922,0.21470163464546205,0.1971498817205429
378,shh,games_routines,nouns,0.24618320912122726,0.31488501727581025,0.29728130872050923,0.2812673017382622,0.23384828782743877,0.2451229840517044
379,shopping,games_routines,nouns,0.0,0.0,0.0,0.0,0.0,0.0
380,snack,games_routines,nouns,0.33045196905732155,0.4055371516280704,0.2940991334617138,0.3987779326736927,0.39934139233082533,0.3434461422264576
381,so_big,games_routines,nouns,0.0,0.0,0.0,0.0,0.0,0.0
382,thank_you,games_routines,nouns,0.0,0.0,0.0,0.0,0.0,0.0
383,this_little_piggy,games_routines,nouns,0.0,0.0,0.0,0.0,0.0,0.0
384,turn_around,games_routines,nouns,0.0,0.0,0.0,0.0,0.0,0.0
385,yes,games_routines,nouns,0.33666773566177915,0.3951146975159645,0.3751022405922413,0.3812861285275883,0.29870695155113935,0.38562517911195754
386,am,helping_verbs,nouns,0.0,0.0,0.0,0.0,0.0,0.0
387,are,helping_verbs,nouns,0.0,0.0,0.0,0.0,0.0,0.0
388,be,helping_verbs,nouns,0.3013545473416646,0.3033188271025817,0.36326489597558975,0.2861794909196241,0.33920011296868324,0.30869517227013904
389,could,helping_verbs,nouns,0.5118532121181488,0.5170179009437561,0.4967924412339926,0.4540848106145859,0.4629589385456509,0.3750567552116182
390,did,helping_verbs,nouns,0.0,0.0,0.0,0.0,0.0,0.0
391,do,helping_verbs,nouns,0.4681514749924342,0.4541400969028473,0.4427415695455339,0.4452886264771223,0.4508154705166817,0.44755247400866616
392,does,helping_verbs,nouns,0.0,0.0,0.0,0.0,0.0,0.0
393,dont,helping_verbs,nouns,0.0,0.0,0.0,0.0,0.0,0.0
394,gonna,helping_verbs,nouns,0.40668022135893506,0.3813686285700117,0.5631474107503891,0.445499702460236,0.46333999517891145,0.5188170064772878
395,gotta,helping_verbs,nouns,0.41138236317783594,0.2640986392895381,0.4488215707242489,0.4165112144417233,0.41454560723569656,0.46059179306030273
396,hafta,helping_verbs,nouns,0.13082326048364243,0.13312010560184717,0.20411981890598932,0.1905456855893135,0.1874795522954729,0.05240337587893009
397,is,helping_verbs,nouns,0.0,0.0,0.0,0.0,0.0,0.0
398,lemme,helping_verbs,nouns,0.0,0.0,0.0,0.0,0.0,0.0
399,need,helping_verbs,nouns,0.3675508267349667,0.3559050289914012,0.41437719100051457,0.4083295580413606,0.4062633944882287,0.38923896104097366
400,try,helping_verbs,nouns,0.2584923149810897,0.28356665910946,0.2640247676107619,0.2614074308011267,0.2683671936392784,0.36335054971277714
401,wanna,helping_verbs,nouns,0.3984730946831405,0.474129818379879,0.4584332764148712,0.4373808304468791,0.46686472847229904,0.5343416498767005
402,was,helping_verbs,nouns,0.0,0.0,0.0,0.0,0.0,0.0
403,were,helping_verbs,nouns,0.0,0.0,0.0,0.0,0.0,0.0
404,will,helping_verbs,nouns,0.4259366159223848,0.2646945272054937,0.3534133480861783,0.31570175290107727,0.30766474372810787,0.22305474784225227
405,would,helping_verbs,nouns,0.0,0.0,0.0,0.0,0.0,0.0
406,basket,household,nouns,0.12704356648027898,0.1271931014955044,0.17832287400960922,0.11314194351434707,0.16059763208031655,0.19969336465001106
407,blanket,household,nouns,0.25825216472148893,0.31908041387796404,0.3314606547355652,0.28985712826251986,0.2614442266523838,0.22507651895284653
408,bottle,household,nouns,0.3109152896536721,0.34454546868801117,0.3935524523258209,0.36421906650066377,0.3067720204591751,0.23658114895224572
409,bowl,household,nouns,0.2591202355921268,0.2657267265021801,0.25004123374819753,0.2616451308131218,0.22598848938941957,0.21342422552406787
410,box,household,nouns,0.227020962536335,0.2845436367723677,0.26250735223293303,0.25918769985437395,0.22500495463609696,0.1890341978520155
411,broom,household,nouns,0.19358676506413353,0.2426329197155105,0.22685939371585845,0.16204121727496384,0.24087535664439202,0.10056953525377645
412,brush,household,nouns,0.2642047852277756,0.2955741948551602,0.25165295600891113,0.2331949219107628,0.3221356256140603,0.3242929965257645
413,bucket,household,nouns,0.2113896735633413,0.25279271230101585,0.35494065284729004,0.27326081693172455,0.22336145658046008,0.23844603449106216
414,camera,household,nouns,0.32925816923379897,0.378259364515543,0.28550728658835095,0.20885400362312795,0.24446057880090344,0.11857426445931196
415,can,household,nouns,0.5437913447618484,0.48654211892022026,0.48508436791598797,0.46661754780345494,0.4674131404608488,0.4285515211522579
416,clock,household,nouns,0.15989690687921312,0.14346372578293085,0.12317389994859695,0.17849833187129763,0.138296078145504,0.1637658417224884
417,comb,household,nouns,0.2744882958275931,0.2585558071732521,0.2321346528828144,0.2170510083436966,0.26174258689085644,0.2516649026009772
418,cup,household,nouns,0.328843954205513,0.3139092713594437,0.30007191747426987,0.33132382929325105,0.32800445333123207,0.2936981290578842
419,dish,household,nouns,0.22161556035280228,0.21834266781806946,0.25225820144017536,0.2390394467446539,0.28655452728271485,0.28718243539333344
420,fork,household,nouns,0.2929188758134842,0.30788262486457824,0.2649082124233246,0.2804496541619301,0.23416298888623716,0.27827986478805544
421,garbage,household,nouns,0.44424979388713837,0.36270297649833894,0.33391241170465946,0.2866928786039352,0.19083916520078978,0.35765529051423073
422,glass,household,nouns,0.11246373020112514,0.29977891966700554,0.24132993072271347,0.3051404572195477,0.24582732617855071,0.24405481070280075
423,glasses,household,nouns,0.0,0.0,0.0,0.0,0.0,0.0
424,hammer,household,nouns,0.2900207241376241,0.19646306335926056,0.20626383647322655,0.24946552999317645,0.18508858606219292,0.19114902541041373
425,jar,household,nouns,0.34407776296138765,0.28006580306424034,0.23952354490756989,0.34013089537620544,0.35648960289027953,0.26483055055141447
426,keys,household,nouns,0.0,0.0,0.0,0.0,0.0,0.0
427,knife,household,nouns,0.2669758184088601,0.26415925323963163,0.28296172618865967,0.2859552804794576,0.3240898594260216,0.2727778896689415
428,lamp,household,nouns,0.1769719086587429,0.14827134874131945,0.2508944306108687,0.14208221584558486,0.22356579639017582,0.12072379887104034
429,light,household,nouns,0.16563833380738893,0.2821432247757912,0.25149274272844196,0.2518750190734863,0.2270488841459155,0.16141138412058353
430,medicine,household,nouns,0.1541106543607182,0.1497479185461998,0.22572412192821503,0.16161410650238395,0.2259211517870426,0.22305097430944443
431,money,household,nouns,0.22620914913713933,0.28339637666940687,0.2572234869003296,0.30519747361540794,0.17510712230578065,0.2600037261843681
432,mop,household,nouns,0.18934776075184345,0.0,0.16777599871986443,0.14632561513119274,0.1994043942540884,0.25528406269020504
433,nail,household,nouns,0.2207213971349928,0.23544387022654215,0.2690160259604454,0.22718098925219643,0.20699194446206093,0.2257687970995903
434,napkin,household,nouns,0.32926072511408067,0.2997855991125107,0.2686704190240966,0.2163014180958271,0.2228991210460663,0.2905321016907692
435,paper,household,nouns,0.2747581258416176,0.3160141609609127,0.2550044283270836,0.2762726992368698,0.28770031531651813,0.28035501539707186
436,penny,household,nouns,0.20117138400673867,0.2685675583779812,0.34950137585401536,0.3201541766524315,0.23597451485693455,0.3576290875673294
437,picture,household,nouns,0.2511584013700485,0.13551497384905814,0.25868107080459596,0.2292518362402916,0.20106111632453072,0.16312362170881695
438,pillow,household,nouns,0.3641661579410235,0.4119267016649246,0.4364334687590599,0.3994760923087597,0.32611633671654594,0.29320465475320817
439,plant,household,nouns,0.13239693334326147,0.1767295215278864,0.18636608645319938,0.23207499422132968,0.17329916022717953,0.1972467429935932
440,plate,household,nouns,0.2195065438747406,0.21496603824198246,0.20625516027212143,0.19374060854315758,0.21612020321190356,0.2717183940112591
441,purse,household,nouns,0.33279738053679464,0.2539937190711498,0.17427664084566963,0.19988883127059257,0.2385590098798275,0.21175011917948722
442,radio,household,nouns,0.3148111645132303,0.17510971882277065,0.2154892012476921,0.1624835795826382,0.1846010343482097,0.21531296465545893
443,scissors,household,nouns,0.2825306221842766,0.2488236212068134,0.29771062433719636,0.3389492713742786,0.1881289765238762,0.18738906159996987
444,soap,household,nouns,0.24994465634226798,0.33119030892848966,0.2602101948112249,0.19105843417346477,0.2514487013220787,0.2668034628033638
445,spoon,household,nouns,0.3960371434688568,0.42436416894197465,0.3338094338774681,0.3197925850749016,0.35182193517684934,0.3664879620075226
446,tape,household,nouns,0.09342720690700743,0.2066742330789566,0.1629576999694109,0.21979761703146827,0.17949997219774458,0.1947790179401636
447,telephone,household,nouns,0.19189799120649695,0.2553157240152359,0.24873177651315928,0.23462515386442342,0.24002030901610852,0.29504581093788146
448,tissue,household,nouns,0.1806795872747898,0.21713511720299722,0.20661459035343593,0.18554510921239853,0.16176970675587654,0.1762544944882393
449,toothbrush,household,nouns,0.0,0.0,0.0,0.0,0.0,0.0
450,towel,household,nouns,0.3264030598104,0.3744872435927391,0.3278154846694734,0.3131979167461395,0.3194161852200826,0.3441619508796268
451,trash,household,nouns,0.3311399005353451,0.28727240189909936,0.27661721110343934,0.29965566247701647,0.18475579284131527,0.2653843708336353
452,tray,household,nouns,0.2733899489045143,0.31927617059813607,0.2893316254019737,0.2180527105099625,0.2660688847303391,0.2607248783111572
453,vacuum,household,nouns,0.09861977812316683,0.10190935488790273,0.17491133055753177,0.16994533091783523,0.16034379974007607,0.1386646330356598
454,walker,household,nouns,0.0,0.0,0.0,0.0,0.0,0.0
455,watch,household,nouns,0.20606498952422822,0.2352897919714451,0.23317547018329302,0.23412646539509296,0.24489506085713705,0.20372458174824715
456,about,locations,nouns,0.17642042897641658,0.20371536165475845,0.24606882333755492,0.19164048590593868,0.2210608869791031,0.16773709729313852
457,above,locations,nouns,0.18209925873412025,0.13901075513826477,0.22307355292141437,0.20545534286648034,0.2407201205690702,0.11109358891844749
458,around,locations,nouns,0.23141289874911308,0.21312975469562742,0.2235262393951416,0.1895611507818103,0.18449970632791518,0.20507317110896112
459,at,locations,nouns,0.10684229050659472,0.2207107295592626,0.2362758532166481,0.278285164386034,0.1993726682331827,0.23587586730718613
460,away,locations,nouns,0.3118780940771103,0.2719075191352103,0.30907852616575027,0.3206078909337521,0.38120926088756985,0.2942546457052231
461,back,locations,nouns,0.36728721484541893,0.39347674511373043,0.38671225029975176,0.3689846760696835,0.3406508704647422,0.4438629084163242
462,behind,locations,nouns,0.18668780401349067,0.2256158348172903,0.2997661530971527,0.1782293576747179,0.1947522676653332,0.1732611358165741
463,beside,locations,nouns,0.2429035504659017,0.21797908563166857,0.246504754655891,0.2096185702830553,0.21589314937591553,0.21847044304013252
464,by,locations,nouns,0.09825984202325344,0.1406187903549936,0.10925490160783131,0.0649823248386383,0.11053933668881655,0.09176141917705535
465,down,locations,nouns,0.36805646783775753,0.2865276500582695,0.2480744007560942,0.2683940060436726,0.42328329549895394,0.38395559042692184
466,for,locations,nouns,0.3496078444378717,0.30368026263184017,0.3261134475469589,0.3142617738672665,0.23435598186084203,0.31759054834644
467,here,locations,nouns,0.406203524933921,0.31000245455652475,0.3226102623674605,0.31553562151061165,0.3327785640954971,0.3704798221588135
468,inside,locations,nouns,0.2658335383981466,0.3026659144088626,0.26190517097711563,0.35432984232902526,0.27776139602065086,0.23210203796625137
469,into,locations,nouns,0.25084961631468367,0.33743252315455013,0.3929844260215759,0.4011366330087185,0.4299002308398485,0.3559812580545743
470,next_to,locations,nouns,0.0,0.0,0.0,0.0,0.0,0.0
471,of,locations,nouns,0.0,0.0,0.0,0.0,0.0,0.0
472,off,locations,nouns,0.336864124569628,0.35803557112812995,0.3511415161192417,0.3343795206811693,0.4154714047908783,0.3853849884536531
473,on,locations,nouns,0.3094174746010039,0.3128896951675415,0.3445378318428993,0.3331877953476376,0.33929501175880433,0.31911648623645306
474,on_top_of,locations,nouns,0.0,0.0,0.0,0.0,0.0,0.0
475,out,locations,nouns,0.3999998817841212,0.4672137200832367,0.4651008759226118,0.4477313533425331,0.46713654200236004,0.4566308789783054
476,over,locations,nouns,0.291531103849411,0.3031724914908409,0.2438648748728964,0.2518126512877643,0.272027930451764,0.3459702134132385
477,there,locations,nouns,0.39727817177772523,0.37904922877039227,0.3468679272466236,0.3746434524655342,0.35131702199578285,0.3891291290521622
478,to,locations,nouns,0.0,0.0,0.0,0.0,0.0,0.0
479,under,locations,nouns,0.08689459059387446,0.15460669249296188,0.2116285210682286,0.20053480151626799,0.15292264624602264,0.08554132329300046
480,up,locations,nouns,0.279606831073761,0.2834040239453316,0.2945829431215922,0.26600546212866905,0.32440725300047135,0.37564926139182514
481,with,locations,nouns,0.2691161549753613,0.19286484377724783,0.22288815511597526,0.2260151339901818,0.22554126547442543,0.24148231579197776
482,one,number,nouns,0.3141092747449875,0.27014996856451035,0.3743223942816257,0.2664364466443658,0.24422775043381584,0.2566039611895879
483,two,number,nouns,0.575332273542881,0.6647452149126265,0.6373321644961834,0.6226456314325333,0.5793398573994637,0.6533982038497925
484,three,number,nouns,0.6706165974959731,0.7517200609048208,0.7606840260326863,0.6716014452278614,0.6887839816510677,0.6544729441404342
485,four,number,nouns,0.7448908716440201,0.7574138409561582,0.7832362130284309,0.7539522558450699,0.5653819885104895,0.7496894001960754
486,five,number,nouns,0.6861191023141145,0.7730390661292605,0.8197574257850647,0.7316207520663738,0.7054102033376694,0.8086631655693054
487,six,number,nouns,0.6331659559160471,0.6932812377810478,0.6554735921323299,0.7263660833239556,0.7346045836806298,0.7412259325385093
488,seven,number,nouns,0.7190946817398072,0.6777634114027024,0.7534560620784759,0.5593710824847221,0.720370990037918,0.7133423089981079
489,eight,number,nouns,0.6893714159727097,0.7398474117120107,0.5672013595700264,0.7151975274085999,0.6277028627693653,0.6939284451305866
490,nine,number,nouns,0.740104329586029,0.6242336958646775,0.6093902878463269,0.5485495507717133,0.5399193309247494,0.6748228877782821
491,ten,number,nouns,0.7267121553421021,0.6588194593787193,0.7232763648033143,0.7231002271175384,0.7285094320774078,0.7243830382823944
492,eleven,number,nouns,0.666242802888155,0.6089125402271748,0.6755815632641315,0.6099112771451474,0.6239553697407245,0.6998752482235432
493,twelve,number,nouns,0.6942137837409973,0.5633609011769295,0.6774517893791199,0.6196329943835736,0.5463982380926609,0.5878283418715
494,thirteen,number,nouns,0.7659960836172104,0.6463139578700066,0.6993385128676891,0.6425859635695815,0.6992861978709698,0.7191807743161917
495,fourteen,number,nouns,0.7519397303462029,0.6731233038008213,0.7844798326492309,0.7453107729554176,0.5749042704701424,0.770116251707077
496,fifteen,number,nouns,0.7254854142665863,0.7135116368532181,0.7160701796412468,0.6506856694817543,0.5959248721599579,0.6892498835921288
497,sixteen,number,nouns,0.7247815489768982,0.6767789853943719,0.7148170173168182,0.5884107820689678,0.5990155763924122,0.6629962384700775
498,seventeen,number,nouns,0.7035146109759808,0.6867550048563216,0.6667861193418503,0.6473292930051684,0.6110694259405136,0.7696112096309662
499,eighteen,number,nouns,0.733286452293396,0.6922515448596742,0.7463630110025405,0.5953666940331459,0.661054840683937,0.6834869414567948
500,nineteen,number,nouns,0.6957386404275894,0.6324694603681564,0.6706935033202172,0.5501126684248447,0.6526917710900306,0.6125324666500092
501,twenty,number,nouns,0.5196569994091987,0.7159237027168274,0.5098323728889227,0.4507869428023696,0.5470237692818045,0.5897879213094711
502,thirty,number,nouns,0.3987354408949614,0.6425309240818023,0.6858132734894753,0.551937360689044,0.6204254627227783,0.6769513383507728
503,forty,number,nouns,0.5449852719902992,0.5355144679546356,0.7249842986464501,0.5240119254216552,0.5877128049731255,0.762327817082405
504,fifty,number,nouns,0.40183582454919814,0.5096271990074052,0.4097805067896843,0.38088348880410194,0.5091882906854153,0.45570910945534704
505,sixty,number,nouns,0.0,0.0,0.6522444620728493,0.528922488167882,0.5176091145724058,0.5805448528379202
506,seventy,number,nouns,0.0,0.0,0.0,0.44613684387877584,0.5405276603996754,0.5262587122619152
507,eighty,number,nouns,0.0,0.0,0.6394709557294845,0.4321502037346363,0.4695880297571421,0.674696971476078
508,ninety,number,nouns,0.0,0.49230633344915176,0.5381043089760674,0.4702893875539303,0.4306702747941017,0.47371689788997173
509,zero,number,nouns,0.16279732063412666,0.1633982401755121,0.14686217680573463,0.20012134090065956,0.153415684401989,0.13919001929461955
510,backyard,outside,nouns,0.0,0.0,0.0,0.0,0.0,0.0
511,cloud,outside,nouns,0.161422415326039,0.19039012657271492,0.2064841218292713,0.2053295575082302,0.2030007615685463,0.12294294601306319
512,flag,outside,nouns,0.07683194721383708,0.03217420689761639,0.09408362973481417,0.09491595886647701,0.1284428656101227,0.10271485232644612
513,flower,outside,nouns,0.4198893204331398,0.3577539101243019,0.32145450115203855,0.4232092979881499,0.3525967761874199,0.32043425887823107
514,garden,outside,nouns,0.2172236755490303,0.23440290316939355,0.28004850894212724,0.41838380528820884,0.2508803322911263,0.1431122813373804
515,grass,outside,nouns,0.3303567796945572,0.28352727741003036,0.3310003511607647,0.2455251622531149,0.3321430891752243,0.2683136910200119
516,hose,outside,nouns,0.34151366270250744,0.29935279935598375,0.3126234829425812,0.1994636274046368,0.3158237099647522,0.2846380345523357
517,ladder,outside,nouns,0.17380570164985126,0.20565339177846909,0.266592176258564,0.24561848044395446,0.2034110687673092,0.19669330906536844
518,lawn_mower,outside,nouns,0.0,0.0,0.0,0.0,0.0,0.0
519,moon,outside,nouns,0.18909956556227472,0.2693146798345778,0.2295677214860916,0.3140576660633087,0.1994075576464335,0.18963502198457718
520,pool,outside,nouns,0.26795063436859184,0.27699351161718366,0.23302552197128534,0.204812016710639,0.24450191631913185,0.2674588099122047
521,rain,outside,nouns,0.22512248810380697,0.26948497295379636,0.32112621087580917,0.3920634736617406,0.38067346314589184,0.1822493220679462
522,rock,outside,nouns,0.1544768199324608,0.12424718700349331,0.15307636310656866,0.16028826385736467,0.16183867007493974,0.17989758650461832
523,roof,outside,nouns,0.2733178155289756,0.2881744406186044,0.21980876252055168,0.22537590023130177,0.29081741347908974,0.20262370506922403
524,sandbox,outside,nouns,0.0,0.0,0.0,0.0,0.0,0.0
525,shovel,outside,nouns,0.2929127969675594,0.30473373606801035,0.2725331038236618,0.3346073791384697,0.19739150386303664,0.27655514404177667
526,sidewalk,outside,nouns,0.0,0.11114532104693353,0.13943282183673647,0.0,0.0,0.1410261869430542
527,sky,outside,nouns,0.2615838944911957,0.2650677180952496,0.27730968594551086,0.2782094359397888,0.2966367468237877,0.23110943287611008
528,slide,outside,nouns,0.2178240418434143,0.1469597096244494,0.15921360421925784,0.22893939465284346,0.15002553537487984,0.23066502395603392
529,snow,outside,nouns,0.17647317200899124,0.24557320177555084,0.3077844318002462,0.3072065606713295,0.2305929347872734,0.22182361595332623
530,snowman,outside,nouns,0.0,0.0,0.0,0.0,0.0,0.0
531,sprinkler,outside,nouns,0.0,0.0,0.0,0.0,0.0,0.0
532,star,outside,nouns,0.08607001062482596,0.16374081168323756,0.12451483830809593,0.17207519188523293,0.14561189545525444,0.06978572700172662
533,stick,outside,nouns,0.22610994428396225,0.2223544352584415,0.24225861579179764,0.20376469526025984,0.27340720072388647,0.22234354726970196
534,stone,outside,nouns,0.19674036428332328,0.17016307264566422,0.15060136318206788,0.0696116765961051,0.1573749728500843,0.1762246092160543
535,street,outside,nouns,0.14207308408286837,0.15687406193464995,0.18706806618720292,0.14598676953464745,0.16215394768449995,0.13293205946683884
536,sun,outside,nouns,0.3600001960992813,0.3315420150756836,0.3618897028267384,0.34343593269586564,0.35617706179618835,0.22040593773126602
537,swing,outside,nouns,0.17162057177888024,0.17960838750004768,0.15071360932456124,0.16704472452402114,0.1748150460422039,0.17101753763854505
538,tree,outside,nouns,0.30868315100669863,0.31471455676688087,0.27280926220119,0.3415125712752342,0.2777182165533304,0.24783064499497415
539,wind,outside,nouns,0.1480146563715405,0.18988934233784677,0.2073950283229351,0.19921882264316082,0.18446021005511284,0.17471029832959176
540,aunt,people,nouns,0.09935373952612281,0.4368267361488607,0.23121864050626756,0.434157370775938,0.4405100784367985,0.36510385405272244
541,baby,people,nouns,0.32923108898103237,0.28047578036785126,0.35741102540244657,0.3490398656576872,0.438603228992886,0.2810967691242695
542,babysitter,people,nouns,0.0,0.0,0.0,0.0,0.0,0.0
543,boy,people,nouns,0.2415791294640965,0.17783474773168564,0.18644599467515946,0.21650360077619552,0.2857652373611927,0.24056915980246332
544,brother,people,nouns,0.33380700666457414,0.45254818070679903,0.40601622220128775,0.42047435119748117,0.37431488037109373,0.45085625201463697
545,child,people,nouns,0.13581228367984294,0.2624783780839708,0.2943132784631517,0.28599167317152024,0.24400746615396607,0.1935899274216758
546,clown,people,nouns,0.15433616915510762,0.26683741975575687,0.24317720904946327,0.28374379376570386,0.2028326705098152,0.17296962502102056
547,cowboy,people,nouns,0.0,0.0,0.0,0.0,0.0,0.0
548,daddy,people,nouns,0.43354930811458164,0.46512964533434975,0.44140383750200274,0.38600476197898387,0.4221276968717575,0.38686799705028535
549,doctor,people,nouns,0.2065124474465847,0.33540371507406236,0.3360906973481178,0.33356771618127823,0.2791662037372589,0.2936993695795536
550,fireman,people,nouns,0.0,0.0,0.0,0.0,0.0,0.0
551,friend,people,nouns,0.19604407101869584,0.3032038016244769,0.3659257270395756,0.3224291693419218,0.20615649940446018,0.283813813328743
552,girl,people,nouns,0.2176522355940607,0.17040308229625226,0.3568867202848196,0.28713606745004655,0.4144226998090744,0.29958221854435074
553,grandma,people,nouns,0.0,0.0,0.0,0.0,0.0,0.0
554,grandpa,people,nouns,0.0,0.0,0.0,0.0,0.0,0.0
555,lady,people,nouns,0.13303789142519235,0.25675676539540293,0.4128429355720679,0.22046874339381853,0.3469669098655383,0.25806365460157393
556,mailman,people,nouns,0.0,0.0,0.0,0.0,0.0,0.0
557,man,people,nouns,0.2191798035055399,0.21685448620054457,0.18778881430625916,0.17610954716801644,0.1752553690224886,0.3360965233296156
558,mommy,people,nouns,0.4811280634668138,0.4231423199176788,0.5019994661211967,0.49096383061259985,0.4252715714275837,0.3511071420378155
559,nurse,people,nouns,0.10815268680453301,0.24698161747720507,0.18574371775612236,0.21265747575089336,0.19880657978355884,0.23025528490543365
560,people,people,nouns,0.0,0.0,0.0,0.0,0.0,0.0
561,person,people,nouns,0.2360339343547821,0.21479845931753516,0.23119397964328528,0.2815020941197872,0.23883332705332172,0.2996003985404968
562,police,people,nouns,0.17458641777435938,0.19160935117138755,0.17511486013730368,0.20600323081016542,0.24907368421554565,0.24200975894927979
563,sister,people,nouns,0.22851244285702704,0.3013171426951885,0.2998245760798454,0.4829256691866451,0.49976127557456496,0.42433911338448527
564,teacher,people,nouns,0.0,0.0,0.0,0.0,0.0,0.0
565,uncle,people,nouns,0.29765207786113024,0.3300078932195902,0.4031143471598625,0.36415328159928323,0.41705814749002457,0.3138687089085579
566,beach,places,nouns,0.24275398217141628,0.2808356612920761,0.31108821034431455,0.2979998563726743,0.29198141396045685,0.2839800467714667
567,camping,places,nouns,0.0,0.0,0.0,0.0,0.0,0.0
568,church,places,nouns,0.11781508227189381,0.15043202973902225,0.11573510505259037,0.14552559088915587,0.1638073954731226,0.1604102745652199
569,circus,places,nouns,0.1371960597378867,0.19974841975740024,0.16823346689343452,0.20924950167536735,0.26214802803264725,0.2443357713520527
570,country,places,nouns,0.08003651276230812,0.13884378895163535,0.10309240706264973,0.17912730760872364,0.16570511064492166,0.1507260411977768
571,downtown,places,nouns,0.0,0.0,0.0,0.0,0.1809427436441183,0.0832032609730959
572,farm,places,nouns,0.17351791355758905,0.21214450858533382,0.2583917982876301,0.2519624076783657,0.27229371749692494,0.1806671521626413
573,gas_station,places,nouns,0.0,0.0,0.0,0.0,0.0,0.0
574,home,places,nouns,0.14031411707401276,0.16670616609709604,0.15119308289140462,0.17272854037582874,0.16919093430042267,0.17775060869753362
575,house,places,nouns,0.2578101423051622,0.2754831096157432,0.23600247651338577,0.24359413981437683,0.24908110909163952,0.2951131872832775
576,movie,places,nouns,0.1352853409014642,0.16994963735342025,0.3335848069853253,0.18199580311775207,0.21744440197944642,0.1352029826492071
577,outside,places,nouns,0.17435028735134336,0.18566799238324166,0.12981757335364819,0.12930009845230314,0.19239617014924684,0.19651116095483304
578,park,places,nouns,0.2511415969994333,0.19459885731339455,0.3196567833423615,0.2826014518737793,0.2708921796745724,0.2057542825738589
579,party,places,nouns,0.1370871352031827,0.16079116861025491,0.20841125585138798,0.13742976798675954,0.16333884187042713,0.15424793511629104
580,picnic,places,nouns,0.2532266523689032,0.3155208185315132,0.24606907777488232,0.18001120314002036,0.2781253308057785,0.23093636665079328
581,playground,places,nouns,0.0,0.0,0.0,0.0,0.0,0.0
582,school,places,nouns,0.16250939443707466,0.35569722577929497,0.25186441093683243,0.2791832851039039,0.1985570506917106,0.24619640782475471
583,store,places,nouns,0.25402073469012976,0.2950884371995926,0.30087830126285553,0.3703167520463467,0.3496229737997055,0.3671283833682537
584,woods,places,nouns,0.0,0.0,0.0,0.0,0.0,0.0
585,work,places,nouns,0.16806085482239724,0.156813845038414,0.14680316713121203,0.18935763984918594,0.1686128403991461,0.17367028519511224
586,yard,places,nouns,0.10068364590406417,0.11638387499584092,0.12729228455573321,0.14455734491348265,0.1407497962936759,0.164717136323452
587,zoo,places,nouns,0.22977036125957967,0.32099404744803905,0.2492668092250824,0.29475776143372057,0.3716051404674848,0.29580827057361603
588,he,pronouns,nouns,0.4872431866824627,0.42963849008083344,0.42592360293492676,0.35634943610057235,0.368512370934089,0.4911929741501808
589,her,pronouns,nouns,0.45247235231929356,0.39487970454825294,0.46946356031629777,0.42390626586145824,0.42814287460512584,0.4101344744364421
590,hers,pronouns,nouns,0.1953277327120304,0.11662388841311137,0.19806893318891525,0.13317778911441563,0.1480710535413689,0.140307991579175
591,him,pronouns,nouns,0.4938632808625698,0.5638212263584137,0.5037530027329922,0.45456599816679955,0.48347983285784724,0.49085235057605636
592,his,pronouns,nouns,0.4067129186458058,0.45856317525936496,0.4709365599685245,0.418644461967051,0.4334472373127937,0.402187524156438
593,i,pronouns,nouns,0.2239032184705138,0.1913387045264244,0.22250374737713072,0.24712263916929564,0.19426220655441284,0.23200767412781714
594,it,pronouns,nouns,0.49225154519081116,0.46202461123466493,0.435272549589475,0.43834207206964493,0.4815459236502647,0.4561809554696083
595,me,pronouns,nouns,0.35770248039625585,0.3991820100280974,0.41839440663655597,0.40255612432956694,0.403524786233902,0.4471743446257379
596,mine,pronouns,nouns,0.10355107560753822,0.10949955549505022,0.09496374800801277,0.1062120898730225,0.12407227574537198,0.15082918596453965
597,my,pronouns,nouns,0.3441242923339208,0.39570925964249504,0.4310012095504337,0.35599219964610207,0.40627421885728837,0.47611162066459656
598,myself,pronouns,nouns,0.1353473909199238,0.3625450164079666,0.26367226243019104,0.22596577322110534,0.26873634904623034,0.2998348046094179
599,our,pronouns,nouns,0.298775377497077,0.2602573402225971,0.30141575841440094,0.28456614185124635,0.2996236491534445,0.40950201120641494
600,she,pronouns,nouns,0.3491685531205601,0.3189171858959728,0.3943977579474449,0.3909691299001376,0.45910960528999567,0.3591359323925442
601,that,pronouns,nouns,0.3987155432502429,0.35717074531647897,0.4071832150220871,0.4744638005892436,0.4106045017639796,0.3946189863814248
602,their,pronouns,nouns,0.21163455108180643,0.35996440839436317,0.3835268259048462,0.40310751232835984,0.33490201383829116,0.44322953522205355
603,them,pronouns,nouns,0.46978163056903416,0.3922371177209748,0.410431894991133,0.38758781254291536,0.5063564081986746,0.45983065068721773
604,these,pronouns,nouns,0.3271841384470463,0.34973616484138703,0.32560669966042044,0.3359370980411768,0.39644674128956264,0.34649433456361295
605,they,pronouns,nouns,0.486366954114702,0.450056254863739,0.44848135775989956,0.3910312373191118,0.48721473217010497,0.42933467361662125
606,this,pronouns,nouns,0.35999205377366805,0.32048703730106354,0.4360378815068139,0.3897741883993149,0.43038373523288304,0.4281141608953476
607,those,pronouns,nouns,0.40142475565274555,0.46972531505993437,0.42297492424647015,0.4279375374317169,0.3898717330561744,0.40857528646787006
608,us,pronouns,nouns,0.32156448397371507,0.3377096636427773,0.3353781830519438,0.2746238563623693,0.3171971747651696,0.39813420217898154
609,we,pronouns,nouns,0.3348062947392464,0.35277397599485183,0.3966147229075432,0.2996577018871903,0.4472864419221878,0.40189390927553176
610,you,pronouns,nouns,0.41474740020930767,0.383309554722574,0.39261983666155076,0.3903826465830207,0.4854724059502284,0.4568554361661275
611,your,pronouns,nouns,0.34625353664159775,0.4256872193266948,0.437159719152583,0.4063997755034102,0.4275919381115172,0.46163943223655224
612,yourself,pronouns,nouns,0.21331776008009912,0.2118035439401865,0.31762175344758564,0.3587258913450771,0.31480320915579796,0.3665104524956809
613,a,quantifiers,nouns,0.0,0.0,0.0,0.0,0.0,0.0
614,all,quantifiers,nouns,0.35635469388216734,0.39072804525494576,0.4333621598780155,0.41186749562621117,0.3793172873556614,0.45444751448101467
615,a_lot,quantifiers,nouns,0.0,0.0,0.0,0.0,0.0,0.0
616,an,quantifiers,nouns,0.0,0.0,0.0,0.0,0.0,0.0
617,another,quantifiers,nouns,0.2550142771667904,0.16252566915419367,0.28590154009205954,0.20232246965169906,0.31132299825549126,0.26135384539763135
618,any,quantifiers,nouns,0.35986246996455723,0.414120657576455,0.41094306483864784,0.40691585342089337,0.36709779500961304,0.45134580466482377
619,each,quantifiers,nouns,0.12685977639630436,0.21119073943959343,0.24687078336460722,0.17973349578678607,0.3634355396032333,0.2930629696283076
620,every,quantifiers,nouns,0.1540171466767788,0.20816790647804737,0.2212881138548255,0.21652842313051224,0.2577520033551587,0.28926081044806373
621,more,quantifiers,nouns,0.18191077038645745,0.2511316277086735,0.20666483091190457,0.15541098304092885,0.33324566297233105,0.27854072004556657
622,much,quantifiers,nouns,0.21518031673298943,0.16171807050704956,0.25844762474298477,0.2788401022553444,0.19016369101074007,0.22940743621438742
623,none,quantifiers,nouns,0.05626028869301081,0.10104394145309925,0.17803858732804656,0.06805689239667521,0.08908940739929676,0.11379751976993349
624,not,quantifiers,nouns,0.4851480215787888,0.5078384220600128,0.4868170827627182,0.4872661024332047,0.40756975710391996,0.4954638540744781
625,other,quantifiers,nouns,0.1442156806588173,0.295900563398997,0.28674070951011443,0.1840519132092595,0.2965109397967656,0.28007904771301484
626,same,quantifiers,nouns,0.20155206620693206,0.2836122330692079,0.26717493269178605,0.2196232296526432,0.2598442542884085,0.2662484351545572
627,some,quantifiers,nouns,0.2226887188023991,0.2618078035967691,0.18090266233775765,0.2843535178237491,0.28965968721442753,0.2240714920418603
628,the,quantifiers,nouns,0.30216579511761665,0.3190869639317195,0.41087549924850464,0.38688695430755615,0.4008108526468277,0.402878075838089
629,too,quantifiers,nouns,0.47621699505382115,0.5114935172928704,0.41960298605263235,0.3984836935997009,0.42197539173066617,0.4561567723751068
630,how,question_words,nouns,0.3056697756465938,0.37302855495363474,0.3628077730536461,0.3022437453269958,0.36702987253665925,0.4201308161020279
631,what,question_words,nouns,0.2362653687596321,0.2793643929064274,0.3040279343724251,0.3916232332587242,0.42319264345698887,0.435944202542305
632,when,question_words,nouns,0.4514998396237691,0.4898038258155187,0.36411116644740105,0.38336994747320813,0.39628532954624723,0.45396117493510246
633,where,question_words,nouns,0.2563045844435692,0.17975437175482512,0.3332994216018253,0.30181656405329704,0.33461543172597885,0.28305599093437195
634,which,question_words,nouns,0.17351075895130635,0.16313757747411728,0.2415731143620279,0.23420599959790706,0.2763706371188164,0.3054712298843596
635,who,question_words,nouns,0.21990683408720152,0.2589281135135227,0.31761372461915016,0.2661238005384803,0.21401134257515272,0.139335371967819
636,why,question_words,nouns,0.3457809127867222,0.33012405037879944,0.3120694003999233,0.3345245238393545,0.39895998500287533,0.3982686135503981
637,baa_baa,sounds,nouns,0.0,0.0,0.0,0.0,0.0,0.0
638,choo_choo,sounds,nouns,0.3354540030871119,0.2848977659429823,0.0,0.0,0.0,0.0
639,cockadoodledoo,sounds,nouns,0.0,0.0,0.0,0.0,0.0,0.0
640,grrr,sounds,nouns,0.29105837229225373,0.4090629170338313,0.372098075846831,0.33070953749120235,0.3345561275879542,0.0
641,meow,sounds,nouns,0.40134449675679207,0.33460456803441047,0.354380801320076,0.31741497069597246,0.3100389482246505,0.20322824148461222
642,moo,sounds,nouns,0.3081108331680298,0.38957566022872925,0.23873797478154302,0.2658159574493766,0.3065562976731194,0.2973959743976593
643,ouch,sounds,nouns,0.35356402066018844,0.23717003017663957,0.23489403165876865,0.27065025601122117,0.34197450131177903,0.37153004937701756
644,quack_quack,sounds,nouns,0.3770473711192608,0.0,0.0,0.0,0.0,0.0
645,uh_oh,sounds,nouns,0.0,0.0,0.0,0.0,0.0,0.0
646,vroom,sounds,nouns,0.2979816512929069,0.24540245160460472,0.21930142864584923,0.16966000261406103,0.24618198616164072,0.0
647,woof_woof,sounds,nouns,0.4829602725803852,0.0,0.0,0.0,0.0,0.0
648,yum_yum,sounds,nouns,0.0,0.0,0.0,0.0,0.0,0.0
649,after,time_words,nouns,0.2594464376568794,0.1369942443445325,0.23523828834295274,0.45011950097978115,0.3550294480390019,0.37245247264703113
650,before,time_words,nouns,0.3547463908325881,0.211227604912387,0.35701613624890643,0.42054719030857085,0.40230769344738554,0.4220702317025926
651,day,time_words,nouns,0.23845633994787932,0.2543741106987,0.29605160281062126,0.3288907937705517,0.32556582540273665,0.3221269629895687
652,later,time_words,nouns,0.14157809793121284,0.11158958869054914,0.22820386113598942,0.17099468782544136,0.214264802262187,0.18604512698948383
653,morning,time_words,nouns,0.29963506683707236,0.40035824570804834,0.41049808263778687,0.42738669945134056,0.33511703751153415,0.3171900141984224
654,night,time_words,nouns,0.2077714774964584,0.19624775229021907,0.3546870514750481,0.38486599177122116,0.23859998169872496,0.23688318133354186
655,now,time_words,nouns,0.3527018543746736,0.3812243955002891,0.34508607238531114,0.31279029068537056,0.32645314435164136,0.3587358362144894
656,time,time_words,nouns,0.2629609078168869,0.2820259879032771,0.32419632822275163,0.313228677213192,0.30230020152197945,0.3135814068838954
657,today,time_words,nouns,0.2011919066309929,0.2927244177295102,0.2902152995978083,0.21921500222136578,0.24072081223130226,0.2779489788744185
658,tomorrow,time_words,nouns,0.24291740347527796,0.25761601080497104,0.21438617685011455,0.07611352577805519,0.3373718857765198,0.31099486760795114
659,tonight,time_words,nouns,0.17248055069810814,0.29019252128071255,0.3048077501356602,0.16442423148287666,0.2099807605147362,0.21007170304656028
660,yesterday,time_words,nouns,0.1107629681006074,0.150534385163337,0.19797443295828998,0.2575861107824104,0.18881265725940466,0.19401259012520314
661,ball,toys,nouns,0.28864776343107224,0.25312374010682104,0.26737273707985876,0.20894242972135543,0.2701457407739427,0.28345527574419976
662,balloon,toys,nouns,0.16922044716775417,0.2159276944067743,0.23721750494506624,0.14327695760875941,0.19108223505318164,0.12068289276212454
663,bat,toys,nouns,0.2402584958407614,0.17777492552995683,0.25250351130962373,0.16302302728096643,0.15972198992967607,0.20470806881785392
664,block,toys,nouns,0.13570089116692544,0.14225635603070258,0.13373210430145263,0.10859981663525105,0.15607456862926483,0.14218745119869708
665,book,toys,nouns,0.2487335443496704,0.18019065095318687,0.23834756513436636,0.1968775562942028,0.262385540538364,0.25713357478380205
666,bubbles,toys,nouns,0.0,0.0,0.0,0.0,0.0,0.0
667,chalk,toys,nouns,0.2226288728415966,0.2352653868496418,0.1393508542329073,0.18701518658134672,0.18502724319696426,0.2203560808673501
668,crayon,toys,nouns,0.256497848033905,0.3226181134581566,0.31503197848796843,0.34017627984285354,0.2771681422367692,0.34535126872360705
669,doll,toys,nouns,0.28774541318416597,0.27995569705963136,0.26046115905046463,0.2931379348039627,0.2741713248193264,0.21017658039927484
670,game,toys,nouns,0.15213440638035536,0.20873157348897722,0.212100363150239,0.13539278941849867,0.261270168547829,0.2931272476911545
671,glue,toys,nouns,0.23250795602798463,0.14776866659522056,0.26040973141789436,0.27494205720722675,0.23471670523285865,0.11752143109010325
672,pen,toys,nouns,0.23017987459897996,0.3135669335722923,0.28962783391276997,0.3070743665099144,0.28579123318195343,0.2930782735347748
673,pencil,toys,nouns,0.2751110106706619,0.33367752339690926,0.38135320916771887,0.3217828657478094,0.3809722617268562,0.387555830180645
674,play_dough,toys,nouns,0.0,0.0,0.0,0.0,0.0,0.0
675,present,toys,nouns,0.06852188482880592,0.0731729848517312,0.10881492185095946,0.08107701670378446,0.1140950858592987,0.09179511833935976
676,puzzle,toys,nouns,0.1561179719865322,0.17360973896251786,0.1198000367730856,0.13618943328037858,0.16853051260113716,0.14287441037595272
677,story,toys,nouns,0.18407471664249897,0.19126504100859165,0.1738041488453746,0.20205512791872024,0.20625003725290297,0.18232215121388434
678,toy,toys,nouns,0.12943197805434464,0.14761634005440605,0.11924631241708994,0.17197475396096706,0.1835594872633616,0.146550714969635
679,airplane,vehicles,nouns,0.3040243751472897,0.33962969994172454,0.2968643199652433,0.31213288837009007,0.36692125648260115,0.34396436214447024
680,bicycle,vehicles,nouns,0.29399410635232925,0.29529424467020565,0.3208289187401533,0.4149138480424881,0.27764918804168703,0.27250721160736346
681,boat,vehicles,nouns,0.26548139909282326,0.355542254447937,0.23182734251022338,0.3272199273109436,0.3509046122431755,0.35230210257901085
682,bus,vehicles,nouns,0.17281712633040217,0.3545308068394661,0.2629074789583683,0.36462911814451215,0.24252807245486313,0.20963870622217656
683,car,vehicles,nouns,0.42830293708377415,0.24189922772347927,0.22898762590355343,0.42421509623527526,0.3960613548755646,0.27769835293293
684,firetruck,vehicles,nouns,0.0,0.0,0.0,0.0,0.0,0.0
685,helicopter,vehicles,nouns,0.2901170630939305,0.21966481592971832,0.19184744835365564,0.3096262105740607,0.22249081244485247,0.21457174751493666
686,motorcycle,vehicles,nouns,0.23663582489825785,0.17514552660286425,0.2823061976167891,0.3662425488233566,0.32579169450327755,0.3066402065567672
687,sled,vehicles,nouns,0.20034444238990545,0.21292921900749207,0.2637437880039215,0.0,0.19845863170921801,0.21301542595028877
688,stroller,vehicles,nouns,0.0,0.0,0.0,0.0,0.0,0.0
689,tractor,vehicles,nouns,0.3831712409853935,0.27335967868566513,0.326880132779479,0.40817130357027054,0.358498752117157,0.36491964426305556
690,train,vehicles,nouns,0.335236582491133,0.322891182369656,0.34457597219281727,0.3037692689233356,0.30157890998654896,0.3330274946987629
691,tricycle,vehicles,nouns,0.33620679285377264,0.35583904683589934,0.17723828312009574,0.3767415456473827,0.1910464746877551,0.27932254783809185
692,truck,vehicles,nouns,0.33707104399800303,0.36968863643705846,0.2985021349042654,0.31531171016395093,0.37418319694697855,0.35353170542253387
