,word,category,lexical_class,period0,period1,period2,period3,period4
0,bite,action_words,verbs,0.19698175030450027,0.2418617780866294,0.24341045651170942,0.21169479389985402,0.28185070023454467
1,blow,action_words,verbs,0.10859409554933126,0.17255783503254254,0.1512528711774697,0.14421919429053862,0.15164948912958304
2,break,action_words,verbs,0.1325026160037076,0.22951589676517029,0.2099730338041599,0.2174401897271829,0.17578883642064674
3,bring,action_words,verbs,0.2327240827525484,0.18616808425369008,0.18737977158663602,0.20735042753318947,0.1955725296946435
4,build,action_words,verbs,0.14300081736097733,0.12683645241583388,0.10800319562355677,0.12304513032237689,0.1424312056042254
5,bump,action_words,verbs,0.2122452290797675,0.17369157653944245,0.2045406160940384,0.1538336994126439,0.1575266523907582
6,buy,action_words,verbs,0.13536785064457818,0.17185059575171308,0.1741666448613008,0.21323143653571605,0.23221302820768738
7,carry,action_words,verbs,0.09460594954675641,0.1263232110068202,0.13268219452972213,0.13571335890640815,0.1068574000021507
8,catch,action_words,verbs,0.1718267973139882,0.1917593901141964,0.18053862502177556,0.2158822767308046,0.1983849567671617
9,chase,action_words,verbs,0.07917808137577155,0.14456526276965936,0.12774902813393493,0.15168114618531295,0.1481027452853219
10,clap,action_words,verbs,0.1909726067679003,0.1849706567823887,0.14138325427969298,0.0,0.1156312324727575
11,clean,action_words,verbs,0.18935339885453384,0.2227914982785781,0.24167650693963313,0.2057749959329764,0.19896090071027478
12,climb,action_words,verbs,0.1803563354603414,0.20772876031696796,0.1788180353740851,0.20997544095433993,0.15375702121648296
13,close,action_words,verbs,0.13319431254961367,0.15302005570767255,0.16041225889840952,0.14358860924839972,0.15807245016611857
14,cook,action_words,verbs,0.3610556075970332,0.302273561557134,0.2933539733290672,0.3436479898790518,0.26625875910294466
15,cover,action_words,verbs,0.1168229146502339,0.12064641450756583,0.13979160682194763,0.11729334847380718,0.11125598809328573
16,cry,action_words,verbs,0.21050708644605917,0.23228584841958114,0.20583331997373275,0.2582508772611618,0.19928955994546413
17,cut,action_words,verbs,0.1511506745270614,0.17773397819235406,0.14672466001852794,0.17101404477531712,0.15356293699607768
18,dance,action_words,verbs,0.23610173103710017,0.19529305624642543,0.15590903821090857,0.16426881135751803,0.2058546096086502
19,draw,action_words,verbs,0.14043658027618094,0.15801807220226952,0.15840235097954672,0.1527576107531786,0.12633614130318166
20,drive,action_words,verbs,0.18115325580383168,0.166259558229097,0.17636520192027091,0.16340047319730122,0.1354812390969268
21,drop,action_words,verbs,0.11475752935641342,0.2110645700374554,0.21218339815735818,0.16102724586581363,0.1406237618997693
22,dry,action_words,verbs,0.23875282655159633,0.21250712977988379,0.25249245949089527,0.19856406872471175,0.23125195580309835
23,dump,action_words,verbs,0.1826680718610684,0.1903196597205741,0.19157277767000527,0.19397026256968578,0.18174551309396822
24,eat,action_words,verbs,0.31445324883378784,0.3301624039808909,0.3045183909436067,0.27501647075017294,0.3113892138004303
25,fall,action_words,verbs,0.1448505980701282,0.2397156217745666,0.1779582548748564,0.2064539725581805,0.16860878801551357
26,feed,action_words,verbs,0.17258874929199616,0.1995772104020472,0.18517468649273117,0.1380890452399336,0.1745869573526855
27,find,action_words,verbs,0.2396127953460174,0.2441188419636871,0.27114802077412603,0.21616512474914393,0.12916556087632974
28,finish,action_words,verbs,0.09502614970351088,0.11868448708472508,0.11006096251308918,0.1307797105661754,0.1157180657931443
29,fit,action_words,verbs,0.16829071386620917,0.15103465924039483,0.1551989484578371,0.15028942803785736,0.1311750727352397
30,fix,action_words,verbs,0.1575860935780737,0.1846359746530652,0.1851531109557702,0.19930403009057046,0.18177995972078423
31,get,action_words,verbs,0.29403281011260474,0.3249050897770914,0.3181601745838469,0.32061896433255505,0.3037908127338722
32,give,action_words,verbs,0.23981113166415266,0.25145057642034124,0.21593220961781648,0.24727088053311622,0.24465364537068776
33,go,action_words,verbs,0.20388988071742156,0.24649331452591078,0.21913796677081673,0.22568007468663412,0.23768575751671084
34,hate,action_words,verbs,0.20358615253980344,0.1402482868268572,0.1905200956761837,0.18736254582526507,0.19499385410121509
35,have,action_words,verbs,0.2675204875654188,0.3102133802783031,0.24496675043233804,0.24425391440412828,0.2994207778367503
36,hear,action_words,verbs,0.24779961497655936,0.2622403951982657,0.26244717579463434,0.3138414801408847,0.24521313061316807
37,help,action_words,verbs,0.14159276760343847,0.13572543795252667,0.14630626107531566,0.17373602390289306,0.17968473191662082
38,hide,action_words,verbs,0.14817503582814645,0.17660596195993752,0.12487541014949481,0.1332613851875067,0.12253673666895464
39,hit,action_words,verbs,0.18015817235465403,0.19551909597659553,0.19626091873007162,0.17141783367842436,0.19735855146728712
40,hold,action_words,verbs,0.2484353029727936,0.19519649622640733,0.19962328965110437,0.21523821540176868,0.19566981283326942
41,hug,action_words,verbs,0.2189900645793512,0.2331673294581749,0.22173673526516982,0.2401933632125812,0.22325363223041808
42,hurry,action_words,verbs,0.14953614159354142,0.17972457744181156,0.2396602748105159,0.17782476550803103,0.15749882649758767
43,jump,action_words,verbs,0.1909243425147401,0.20279177708615517,0.21774661836439166,0.18186360076069832,0.16886666610285087
44,kick,action_words,verbs,0.1475981857197789,0.17792026119099724,0.14503240833679834,0.17520498323800235,0.13265430660297473
45,kiss,action_words,verbs,0.21681639662495367,0.24460356737728473,0.2158321529028139,0.24558258968006288,0.2262652321452541
46,knock,action_words,verbs,0.19573636610920614,0.18551900049928446,0.18346648663282394,0.15172818874319394,0.1670342513493129
47,lick,action_words,verbs,0.24636168485241278,0.28140238033873693,0.28492068730551623,0.2442190431058407,0.2669884673630198
48,like,action_words,verbs,0.3143948845822236,0.28325724215419207,0.29391313606390246,0.28990123282980035,0.2602241216548558
49,listen,action_words,verbs,0.27236866146326066,0.22332144447912772,0.2110080248117447,0.21717446198066076,0.2435331140955289
50,look,action_words,verbs,0.18658758215606214,0.22645650859232302,0.20621914662420748,0.22425980769373752,0.19702989894610184
51,love,action_words,verbs,0.21146441333823734,0.21389973593939995,0.27153337477096195,0.26121639141014646,0.2123690236892019
52,make,action_words,verbs,0.19734836963039856,0.2405553251238806,0.18781770786477459,0.19971903951631653,0.24982336022216697
53,open,action_words,verbs,0.156513097117944,0.1667112020154794,0.16693322373820202,0.16732758437765055,0.18330980291397408
54,paint,action_words,verbs,0.14357019139936678,0.1629093782355388,0.17488392525962715,0.18104977145170173,0.19458079660932223
55,pick,action_words,verbs,0.16458544828768434,0.21259131530920664,0.1825636784279985,0.19685227622588475,0.18519216310232878
56,play,action_words,verbs,0.18359719258215693,0.21479653592767387,0.1916242067156167,0.17325434697171052,0.1901237563850979
57,pour,action_words,verbs,0.18916277105695214,0.20904126609193868,0.18030517589714792,0.17555393781512976,0.1945622911055883
58,pretend,action_words,verbs,0.15189865262558064,0.16751429496397233,0.20234090805053712,0.16202216621102958,0.19452131831825809
59,pull,action_words,verbs,0.19241109939998594,0.2669478430102269,0.26261394850357817,0.24936353899538516,0.17672171499580144
60,push,action_words,verbs,0.21112606167022524,0.21772680475066106,0.2054426550332989,0.21661636208494503,0.17575034567465384
61,put,action_words,verbs,0.22679549108805327,0.25787289273636094,0.21726634619491442,0.23114664666354656,0.18934032432734965
62,read,action_words,verbs,0.18251021488987165,0.20167200832317272,0.21113715783275408,0.1950941807590425,0.21485313357164462
63,ride,action_words,verbs,0.23499630044760375,0.25557504542942705,0.28538785117367904,0.22941552760700384,0.20788429882377385
64,rip,action_words,verbs,0.18625593997005904,0.23323926342030366,0.25151508301496506,0.19828501960326886,0.24660144448280336
65,run,action_words,verbs,0.1562370310227076,0.14269189449648062,0.17106051885833343,0.1678514665613572,0.13400463483713823
66,say,action_words,verbs,0.17049714118242265,0.17258016468474158,0.25402756301420076,0.22915558559963337,0.20993881818971463
67,see,action_words,verbs,0.31427265675022054,0.3278913245137249,0.28972791747323107,0.34803507796355654,0.2850162299542591
68,shake,action_words,verbs,0.1534318527965634,0.1070109903170117,0.16620500416805348,0.20765524171292782,0.1371081312497457
69,share,action_words,verbs,0.08214329684583041,0.09758762372978802,0.11274383955255703,0.08754329141229392,0.09628502607088664
70,show,action_words,verbs,0.18920444683344276,0.13135010885695617,0.14321713143124662,0.16987274053196114,0.15967101929709315
71,sing,action_words,verbs,0.24514721219356245,0.233362157518665,0.22495651797012048,0.21045717634260655,0.23487458328406016
72,sit,action_words,verbs,0.26629406876034206,0.26845171861350536,0.24311518216771738,0.21627311483025552,0.22482021795264606
73,skate,action_words,verbs,0.16832549050450324,0.13122609386156345,0.12397251926876347,0.09728968098502734,0.129267256334424
74,sleep,action_words,verbs,0.2136710605451039,0.2503006088322607,0.22178239860971058,0.21128539789211134,0.21463284268975258
75,smile,action_words,verbs,0.191643380008086,0.2542439614023481,0.17961921883297377,0.2039357905310613,0.19885259481339618
76,spill,action_words,verbs,0.10107572211338015,0.11224684529006482,0.1229420418292284,0.16595531740624989,0.11785395889832027
77,splash,action_words,verbs,0.20732637481497868,0.15555833347527118,0.14775706591705481,0.1479529094529049,0.15714750718325377
78,stand,action_words,verbs,0.17166584075011057,0.19651927004257838,0.14179999846965075,0.15208652634815922,0.1785794265878697
79,stay,action_words,verbs,0.16254202495994313,0.22318864310229267,0.164422936594257,0.17673041427443767,0.1673674469107184
80,stop,action_words,verbs,0.16535658721945115,0.15686358637841685,0.1937640137199698,0.1637250372312135,0.17278820546022777
81,sweep,action_words,verbs,0.10602090128793798,0.08452985547482968,0.14704783716849212,0.0910936049806575,0.08748891434321801
82,swim,action_words,verbs,0.1937167253345251,0.25347438535342615,0.21238878471776843,0.1766690510014693,0.16744744057456654
83,take,action_words,verbs,0.19005245588985936,0.2715196326375008,0.22433691006153822,0.22025045624067044,0.2396388407464006
84,talk,action_words,verbs,0.24602777742106338,0.23963839461406072,0.22578714209209597,0.2748763706535101,0.2600823494295279
85,taste,action_words,verbs,0.19575127267411777,0.25193153193284723,0.2624583833947264,0.23536979728217783,0.2580633273969094
86,tear,action_words,verbs,0.12719853142542498,0.1789765134132628,0.22229549532326368,0.17898312836353267,0.1772188829878966
87,think,action_words,verbs,0.38101847508344155,0.3823985293507576,0.3720564198281084,0.34739349755857674,0.4192281536481999
88,throw,action_words,verbs,0.20651021930906507,0.20957606260118813,0.18023657381534577,0.18383505987003446,0.20963058322668077
89,tickle,action_words,verbs,0.21819705465300518,0.21715588544805844,0.2152504400798568,0.20143454906841118,0.20650741122663022
90,touch,action_words,verbs,0.16689489861684187,0.13388985383013885,0.1529685168598707,0.14468778502838364,0.1622754263466802
91,wait,action_words,verbs,0.23215691427941676,0.24137496461088842,0.21635775654404252,0.23102591888358195,0.22281757103545324
92,wake,action_words,verbs,0.13578055407209644,0.15689140468321996,0.17087221597986563,0.14838987762729328,0.15064357053488492
93,walk,action_words,verbs,0.15657550314890928,0.25311975268026193,0.17788819275025664,0.16912515902270872,0.15769113194463508
94,wash,action_words,verbs,0.2691409349441528,0.3106164005895456,0.2687553921393279,0.2897928694883982,0.24856475804900302
95,wipe,action_words,verbs,0.1547887223804819,0.16468405351042747,0.20470927828656776,0.18970718656977018,0.17995138281645875
96,wish,action_words,verbs,0.21416144911199808,0.21435503227015337,0.12565172789618373,0.1507406666254004,0.18884438735743364
97,write,action_words,verbs,0.1639694481574256,0.16094458792358637,0.17338879505793253,0.15210472128043573,0.138811590274175
98,alligator,animals,nouns,0.2227750034243972,0.204473323798899,0.2634127147288786,0.15763000311950842,0.0
99,animal,animals,nouns,0.1447946720722097,0.24300088682051363,0.22096761961778005,0.22171105457277135,0.21185907560946612
100,ant,animals,nouns,0.2068565281537863,0.1915003632062248,0.13619898948818446,0.2025379185275785,0.1672372899151274
101,bear,animals,nouns,0.1920665367173829,0.19498842814937234,0.21315150845933845,0.1367403844307209,0.1132833814647581
102,bee,animals,nouns,0.13890170085209388,0.2172413282096386,0.1565867352609833,0.10603500915957349,0.17971961299578348
103,bird,animals,nouns,0.3552921316944636,0.37329882122576236,0.2855423466655715,0.2807723393599535,0.27848164197699776
104,bug,animals,nouns,0.11212779091050228,0.24595319351245618,0.13959743208917125,0.1823979144723251,0.1940064494808515
105,bunny,animals,nouns,0.30925927639007567,0.32762656181023037,0.2550467558737312,0.31054117158055305,0.23429799446001134
106,butterfly,animals,nouns,0.0,0.0,0.0,0.0,0.0
107,cat,animals,nouns,0.34899925143906363,0.31657288634571534,0.30131148013832243,0.2560903130720059,0.24364045421992028
108,chicken,animals,nouns,0.28327345282637645,0.2731215404967467,0.36741316113621,0.39176438649495443,0.4179613413910071
109,cow,animals,nouns,0.3041990396495049,0.29654587933729437,0.32238165366238564,0.3188222984403924,0.244784882324266
110,deer,animals,nouns,0.07899303646648631,0.27361127274731795,0.1509060348694523,0.10338010595490535,0.19038712136961264
111,dog,animals,nouns,0.30584394860153014,0.3455644979559142,0.2960967766465964,0.3271152274361972,0.28740774902204674
112,donkey,animals,nouns,0.26210661970078947,0.2630172123511632,0.20067811902198526,0.17953970283269882,0.1765959336688476
113,duck,animals,nouns,0.2507736375555396,0.2886744758178448,0.2468801249332469,0.23395623000604765,0.19976155113961017
114,elephant,animals,nouns,0.29814721502363684,0.30499698023001354,0.2407465590784947,0.3031092650360531,0.2738355975598097
115,fish,animals,nouns,0.19285905909990625,0.1538983994230096,0.2344642260978962,0.27305693165571604,0.3098848154147466
116,frog,animals,nouns,0.21694406232348196,0.3174848702869245,0.33032895136496115,0.261050317298483,0.23118358440697193
117,giraffe,animals,nouns,0.28122759094605077,0.38175714761018753,0.3276178402633503,0.13328527212142943,0.2310411428500499
118,goose,animals,nouns,0.19192145496606827,0.27554686261074884,0.1921712489732142,0.1053740206206667,0.25645316638318555
119,hen,animals,nouns,0.2489417475881055,0.24776611729924167,0.18333734249075254,0.19950028111537296,0.23634156584739685
120,horse,animals,nouns,0.2172222167805389,0.31217728505531944,0.27544561463097733,0.24288114284475645,0.18963713507200108
121,kitty,animals,nouns,0.25689515987267864,0.26673533407778577,0.14947712505236269,0.14500869197192892,0.16000232800584416
122,lamb,animals,nouns,0.2528371976222843,0.2783936724687616,0.18304409192254145,0.2016037818789482,0.3389894193659226
123,lion,animals,nouns,0.19421318421761194,0.28282864491144816,0.2250735235785873,0.20558953167138888,0.24747870961825053
124,monkey,animals,nouns,0.25419231160328937,0.3077871131400267,0.2689178620775541,0.2054194981103827,0.29725916621585685
125,moose,animals,nouns,0.22845859654868642,0.15816418826580048,0.1694493509001202,0.0,0.0
126,mouse,animals,nouns,0.13782324237175858,0.14412962009423766,0.20700308616305219,0.1996565075783894,0.16095734580323615
127,owl,animals,nouns,0.3226223155999413,0.28147127938323785,0.1585693899852534,0.26423941141572493,0.15422011160158686
128,penguin,animals,nouns,0.20613886147737503,0.3427088601248605,0.18697412254224563,0.0991697441165646,0.0
129,pig,animals,nouns,0.29308461028806587,0.2924969021230936,0.24518203574778705,0.2279973642836357,0.2604291249377032
130,pony,animals,nouns,0.18522341580440602,0.14168150363756077,0.18868511055524534,0.15359014485563552,0.0
131,puppy,animals,nouns,0.3053732094569848,0.3750717525503465,0.2759363777669413,0.2596524518269759,0.19954388110587995
132,rooster,animals,nouns,0.27242722688242793,0.2624504760439907,0.23234156820302207,0.09427776268372932,0.0
133,sheep,animals,nouns,0.2784432001411915,0.21061767748108617,0.11607292284867887,0.2676722107082605,0.2224596897761027
134,squirrel,animals,nouns,0.3197555403010203,0.28712884561511975,0.28250429083903633,0.25290356046552287,0.20367838814854622
135,teddybear,animals,nouns,0.0,0.0,0.0,0.0,0.0
136,tiger,animals,nouns,0.307026420754415,0.3010670697937409,0.2240406760367854,0.20481112284650063,0.3106035848458608
137,turkey,animals,nouns,0.12582571030809328,0.23919230079727954,0.3190003618597984,0.17488506560524306,0.371730071802934
138,turtle,animals,nouns,0.2492963668818657,0.2443085802269393,0.23282080640395483,0.23491507820014296,0.19129071256210065
139,wolf,animals,nouns,0.13628723056843647,0.20547128548579557,0.22346984787977167,0.16689858678728342,0.21882972150141822
140,zebra,animals,nouns,0.23873962888804576,0.23392800192038218,0.2757826644062464,0.046258091616133847,0.0
141,ankle,body_parts,nouns,0.0,0.0,0.0,0.0,0.2612075191612045
142,arm,body_parts,nouns,0.2134715285566118,0.2257492096516593,0.28239162548862656,0.26864829286932945,0.19896285297969976
143,belly_button,body_parts,nouns,0.0,0.0,0.0,0.0,0.0
144,buttocks,body_parts,nouns,0.0,0.0,0.0,0.0,0.0
145,cheek,body_parts,nouns,0.209534772336483,0.24043256994979134,0.17081376165151596,0.20372179869947762,0.23292487737690581
146,chin,body_parts,nouns,0.19914637226611376,0.27542706951498985,0.24434584325977735,0.18488274906472912,0.2852122298088567
147,ear,body_parts,nouns,0.2509379083556788,0.2518774473418792,0.28024887293577194,0.29415539900461835,0.31097335920765484
148,eye,body_parts,nouns,0.22682312241307012,0.2208396171530088,0.23079049761096637,0.19160893348356087,0.20811559182816539
149,face,body_parts,nouns,0.14332967142349687,0.17613138519227506,0.15433556336010323,0.16558242638905843,0.19264213894975596
150,finger,body_parts,nouns,0.2527453461340789,0.2624490282187859,0.29299348053233376,0.27508837431669236,0.22345003311832745
151,foot,body_parts,nouns,0.15637320027287518,0.18620902883509796,0.20992698957180156,0.15373373615245026,0.21006273247044663
152,hair,body_parts,nouns,0.26052571560900945,0.26523802070213215,0.2816992364823818,0.26749807720383006,0.27855696375000066
153,hand,body_parts,nouns,0.23467771850269417,0.22134063293536504,0.2535849000726427,0.22283965622385343,0.25005750383796366
154,head,body_parts,nouns,0.145527446269989,0.1577495621709988,0.15549451547364393,0.17570376687993605,0.1744400224958857
155,knee,body_parts,nouns,0.18076087594032286,0.2087031204253435,0.3452312767505646,0.21881710936625798,0.2188619989901781
156,leg,body_parts,nouns,0.2791976513410056,0.22869783935361895,0.3013439455936695,0.24435576157023509,0.24174728542566298
157,lips,body_parts,nouns,0.0,0.0,0.0,0.0,0.0
158,mouth,body_parts,nouns,0.2079699177551886,0.28066953321297966,0.26562347648472623,0.27176963705569507,0.26830930937210035
159,nose,body_parts,nouns,0.2938635273388139,0.29181090332567694,0.3308802930017312,0.32950924585262936,0.2832264624536037
160,owie,body_parts,nouns,0.29392681880430743,0.2460154193852629,0.24639957632731507,0.0,0.0
161,penis,body_parts,nouns,0.0,0.0,0.0,0.2640974660371912,0.0
162,shoulder,body_parts,nouns,0.154439691040251,0.19037670963283243,0.27405787967145445,0.10917240946243206,0.2821583092212677
163,toe,body_parts,nouns,0.2527558524161577,0.2657499098829154,0.22246240035941203,0.21961934249848128,0.25733641149668857
164,tongue,body_parts,nouns,0.22572157704936607,0.27167571602123125,0.2504380658268929,0.239523242910703,0.251214698470872
165,tooth,body_parts,nouns,0.18390623200684786,0.21567989985148112,0.2326904021203518,0.18527199514210224,0.2597993391341177
166,tummy,body_parts,nouns,0.2568249449133873,0.2786239591138116,0.28130474714217363,0.25099264110984476,0.27138390970127335
167,vagina,body_parts,nouns,0.0,0.0,0.0,0.0,0.0
168,beads,clothing,nouns,0.0,0.0,0.0,0.0,0.0
169,belt,clothing,nouns,0.203132449882105,0.17999082165105001,0.21109302608030184,0.18009406675038667,0.12970879640696303
170,bib,clothing,nouns,0.18833133526917162,0.2508315058158977,0.1900651165499137,0.0,0.0
171,boots,clothing,nouns,0.0,0.0,0.0,0.0,0.0
172,button,clothing,nouns,0.1927467527297827,0.16190663943516798,0.17853788614016156,0.16644087353100379,0.16839151978492736
173,coat,clothing,nouns,0.29601477299417767,0.36020924548308053,0.3000415368326779,0.33411447157462437,0.2992215452094873
174,diaper,clothing,nouns,0.21319376690120534,0.28151290131998913,0.22685996104997616,0.24704438149929048,0.22343864105641842
175,dress,clothing,nouns,0.26657683985928693,0.3784217531127589,0.346584841095168,0.22454280368983745,0.2394975648614867
176,gloves,clothing,nouns,0.0,0.0,0.0,0.0,0.0
177,hat,clothing,nouns,0.2990682903548767,0.3151062749326229,0.2713608205891572,0.3086005158722401,0.292953337671171
178,jacket,clothing,nouns,0.3977529272950929,0.34812766819127966,0.33959681065431957,0.3435127771149079,0.31564139638995303
179,jeans,clothing,nouns,0.3483875956514786,0.0,0.0,0.0,0.0
180,mittens,clothing,nouns,0.0,0.0,0.0,0.0,0.0
181,necklace,clothing,nouns,0.23761211536824703,0.292267939219108,0.23775786071739816,0.2056886201788639,0.07595118740573525
182,pajamas,clothing,nouns,0.2664385569681014,0.35385685462247707,0.29268329693325634,0.31310224483410515,0.27189841903746126
183,pants,clothing,nouns,0.35100150185412377,0.42521023363978777,0.31689226667263676,0.3547565956910451,0.33760896176099775
184,scarf,clothing,nouns,0.30794867155728517,0.35819696156041964,0.0,0.12477850075811148,0.3251126731435458
185,shirt,clothing,nouns,0.3143694862102469,0.40166801269407626,0.368647916563626,0.379465039819479,0.3430282937298561
186,shoe,clothing,nouns,0.31096232244399963,0.33279402231176697,0.32209294777492,0.32855099240938823,0.3159063994884491
187,shorts,clothing,nouns,0.2676875045523047,0.28174139752432154,0.207363645192878,0.28966059039036435,0.0
188,slipper,clothing,nouns,0.24815874418307995,0.2744559283400404,0.2535483842449529,0.21604736074805259,0.23630417808890342
189,sneaker,clothing,nouns,0.14509766189647572,0.274277826357219,0.1952849969203616,0.2544522188603878,0.18115391843020917
190,snowsuit,clothing,nouns,0.0,0.0,0.0,0.0,0.0
191,sock,clothing,nouns,0.34063981756054124,0.3518628928938816,0.29621073462325953,0.332027834157149,0.3104351783792178
192,sweater,clothing,nouns,0.3501974083483219,0.3800315974014146,0.3597598394443249,0.33948568229873977,0.3347163051366806
193,tights,clothing,nouns,0.0,0.0,0.0,0.0,0.0
194,underpants,clothing,nouns,0.0,0.0,0.0,0.0,0.0
195,zipper,clothing,nouns,0.2197406913082187,0.0,0.0,0.0,0.0
196,and,connecting_words,function_words,0.0,0.0,0.0,0.0,0.0
197,because,connecting_words,function_words,0.2851539572765087,0.3707578624288241,0.32839604903911723,0.3013695794446715,0.37279876608114976
198,but,connecting_words,function_words,0.37573798822945564,0.41132040570179623,0.33359829259329826,0.3139420851532902,0.32968453240805656
199,if,connecting_words,function_words,0.36655862712197834,0.35251998429497083,0.377367933039312,0.36780757043096757,0.3978720780994211
200,so,connecting_words,function_words,0.36699753838280835,0.3454097114503384,0.3732056436794145,0.35587202354023856,0.3813500398626694
201,then,connecting_words,function_words,0.29065167451543467,0.3473120030760765,0.3243644925951958,0.30945237159729005,0.3917566990852356
202,all_gone,descriptive_words,adjectives,0.0,0.0,0.0,0.0,0.0
203,asleep,descriptive_words,adjectives,0.16833269110481655,0.18385105827373677,0.19901663032842093,0.18846620535477995,0.21889887159240656
204,awake,descriptive_words,adjectives,0.15766575360404594,0.15972402667005856,0.142573109579583,0.1412745567659537,0.20302074302786163
205,bad,descriptive_words,adjectives,0.2449359710195235,0.21076060433326096,0.2649308918043971,0.23416139712107592,0.3018618409654924
206,better,descriptive_words,adjectives,0.0,0.0,0.0,0.0,0.0
207,big,descriptive_words,adjectives,0.2350052445410536,0.1861401999901448,0.212571141238396,0.2702570894250163,0.19927712436765432
208,black,descriptive_words,adjectives,0.2206748648147498,0.2671657201967069,0.28707056749483634,0.2476535430798928,0.19164624900139612
209,blue,descriptive_words,adjectives,0.3350379533533539,0.35657995666066805,0.3664703275318499,0.3100760685087278,0.2951696423192819
210,broken,descriptive_words,adjectives,0.0,0.0,0.0,0.0,0.0
211,brown,descriptive_words,adjectives,0.30767215094689665,0.33151373984637084,0.34443473871107455,0.3052531123675149,0.23046801335595804
212,careful,descriptive_words,adjectives,0.13598060227620104,0.1289864659595948,0.12019648982418908,0.1515972823170679,0.17658933470475263
213,cold,descriptive_words,adjectives,0.24418969195464563,0.2514247623582681,0.2821895457804203,0.28503489693892853,0.2864824240761144
214,cute,descriptive_words,adjectives,0.28260509117885874,0.28623832961810486,0.3219113548153213,0.3122978911831461,0.2378336432678946
215,dark,descriptive_words,adjectives,0.1260677743703127,0.24026638693336783,0.2259046420454979,0.16936809987086673,0.1815571943918864
216,dirty,descriptive_words,adjectives,0.1880526223444733,0.25175114249189695,0.2521523887721392,0.2221701905645173,0.25051916231002125
217,empty,descriptive_words,adjectives,0.16351166239072537,0.18006829198064475,0.1576128357314858,0.1758882701396942,0.15214893979330857
218,fast,descriptive_words,adjectives,0.16665838559468588,0.15013201745847862,0.15810728191087645,0.186745107706104,0.16501333106022614
219,fine,descriptive_words,adjectives,0.11123693634622864,0.1135454398162406,0.11912577614188194,0.11108179098885992,0.1556966401360653
220,first,descriptive_words,adjectives,0.1672402053539242,0.14330258478338903,0.17607220470905305,0.13313237484544516,0.19395159244803445
221,full,descriptive_words,adjectives,0.11399951654261556,0.10016434001071113,0.1262755733138571,0.1308168292666475,0.09961994751184075
222,gentle,descriptive_words,adjectives,0.14834594966557163,0.11955335800503862,0.19276330954041973,0.18429450020194055,0.14664809842561854
223,good,descriptive_words,adjectives,0.3560553991368839,0.3133179744084676,0.32274990758070576,0.3166397809292431,0.314663688617724
224,green,descriptive_words,adjectives,0.21822824733781404,0.2659944161506636,0.25780236907303333,0.21121289506554602,0.24284592566305194
225,happy,descriptive_words,adjectives,0.26163212303072214,0.20865245045473177,0.2584199460929838,0.2104927948365609,0.16781536266207694
226,hard,descriptive_words,adjectives,0.18407480662378173,0.19322969739635784,0.17787473515511074,0.20153324267473713,0.20560711943383875
227,heavy,descriptive_words,adjectives,0.15579310188499781,0.11973654513281805,0.15699552786019114,0.13194975070655346,0.1444155389507269
228,high,descriptive_words,adjectives,0.12432776580982167,0.10391875182588896,0.12411738398174445,0.12956855359176794,0.11419208887964487
229,hot,descriptive_words,adjectives,0.21970712899097375,0.23257603496313095,0.18647580105682898,0.2164052441716194,0.1947781502686698
230,hungry,descriptive_words,adjectives,0.17068934081881135,0.1818761589936912,0.20021997819896098,0.15653325077788582,0.14876687166591485
231,hurt,descriptive_words,adjectives,0.1752967457804415,0.15853470319817806,0.18535202169524773,0.14100702467064063,0.1792511669298013
232,last,descriptive_words,adjectives,0.22680313512682915,0.19954299811145354,0.1949983293286942,0.23279985655099153,0.17948577118416628
233,little,descriptive_words,adjectives,0.26034463884738773,0.2629303402052476,0.24616669863462448,0.22413506689998838,0.24183771508777963
234,long,descriptive_words,adjectives,0.15366237011871167,0.162878536394444,0.16204410524417956,0.17735598555633,0.15246958015807743
235,loud,descriptive_words,adjectives,0.22884462100382036,0.22438226626254618,0.2082387087866664,0.24030745687584082,0.22228332522014776
236,mad,descriptive_words,adjectives,0.26142060315167465,0.27757458054813844,0.25459703568507125,0.28557335431205816,0.26338175386190416
237,naughty,descriptive_words,adjectives,0.2115249540656805,0.1934037828197082,0.1737299266581734,0.214106289137687,0.17879253087033117
238,new,descriptive_words,adjectives,0.12445745925451147,0.10668235868215561,0.13129993361131898,0.11718471466253201,0.08649915305833364
239,nice,descriptive_words,adjectives,0.3667808584868908,0.3606784920423077,0.37182811882208894,0.2956581436868372,0.28854273323868884
240,noisy,descriptive_words,adjectives,0.0,0.0,0.0,0.0,0.0
241,old,descriptive_words,adjectives,0.16902409826538392,0.14792639343068004,0.15180787018367223,0.18527502072011603,0.19340276053796213
242,poor,descriptive_words,adjectives,0.08514059245586396,0.08754028150668511,0.09532698057591915,0.09883753598892484,0.08172321356832982
243,pretty,descriptive_words,adjectives,0.2925709012363638,0.3158401636214092,0.3292927819171122,0.33617370161745286,0.33836447533506614
244,quiet,descriptive_words,adjectives,0.20023247696459293,0.18194514448786603,0.15412742175675673,0.1792548711278609,0.18494176851319416
245,red,descriptive_words,adjectives,0.3105379750153848,0.3563494245553839,0.33883330115565546,0.26645013814171153,0.3044399162133535
246,sad,descriptive_words,adjectives,0.20401081738287005,0.2293580814168371,0.256795058990347,0.2446498392984785,0.23945759750645737
247,scared,descriptive_words,adjectives,0.0,0.0,0.0,0.0,0.0
248,sick,descriptive_words,adjectives,0.11900254731465663,0.17167221424009266,0.22070409304329328,0.1976203872533194,0.16512011783197522
249,sleepy,descriptive_words,adjectives,0.0,0.0,0.0,0.0,0.0
250,slow,descriptive_words,adjectives,0.20904269055105174,0.13488324110706648,0.18221206056574982,0.17313134310146172,0.1519826989620924
251,soft,descriptive_words,adjectives,0.18335966473179205,0.19340934378228017,0.18861341035614412,0.14469331695601859,0.15042968546705587
252,sticky,descriptive_words,adjectives,0.20277274108451346,0.21920312116188662,0.19327599821346148,0.14480502344667912,0.0
253,stuck,descriptive_words,adjectives,0.0,0.0,0.0,0.0,0.0
254,thirsty,descriptive_words,adjectives,0.0,0.0,0.0,0.0,0.0
255,tiny,descriptive_words,adjectives,0.182387505620718,0.2028061482641432,0.22072702662886254,0.17838610309575284,0.13654376938939095
256,tired,descriptive_words,adjectives,0.0,0.0,0.0,0.0,0.0
257,wet,descriptive_words,adjectives,0.2624719934216861,0.23375157738725344,0.24619177452943944,0.2432892973776217,0.23743642916282018
258,white,descriptive_words,adjectives,0.27381266759974615,0.29122836630919885,0.32041929296121513,0.3123224314302206,0.3210494502865035
259,windy,descriptive_words,adjectives,0.0,0.0,0.0,0.0,0.0
260,yellow,descriptive_words,adjectives,0.3118171970601435,0.31099297498751965,0.34294584952294827,0.29653626133998234,0.2772600226104259
261,yucky,descriptive_words,adjectives,0.0,0.0,0.0,0.0,0.0
262,apple,food_drink,nouns,0.3849306779780558,0.3723969731865258,0.39303395258528845,0.3281195202221473,0.37215644390932445
263,applesauce,food_drink,nouns,0.0,0.0,0.0,0.0,0.0
264,banana,food_drink,nouns,0.34138531314915627,0.34076510022083917,0.36762012814482053,0.3247248463332653,0.31452794424418745
265,beans,food_drink,nouns,0.0,0.0,0.0,0.0,0.0
266,bread,food_drink,nouns,0.37955034573872887,0.3554961209495862,0.3666566376542223,0.39224920322497686,0.28928007520735266
267,butter,food_drink,nouns,0.2860819095124801,0.30043319960435233,0.32136813350471444,0.33172814423839253,0.3272611824174722
268,cake,food_drink,nouns,0.3175773111482461,0.35692833413680397,0.3608987629413605,0.33114925225575764,0.3555658347904682
269,candy,food_drink,nouns,0.26229109877237566,0.26344315637031507,0.2894522050129516,0.27471950426697733,0.24603406596800376
270,carrots,food_drink,nouns,0.0,0.0,0.0,0.0,0.0
271,cereal,food_drink,nouns,0.35406075765689216,0.3705491252243519,0.361196981678749,0.3583083661894004,0.31666488996867476
272,cheerios,food_drink,nouns,0.0,0.0,0.0,0.0,0.0
273,cheese,food_drink,nouns,0.39039623737335205,0.38676984299873485,0.4273605813582738,0.37019167045752205,0.38834383636713027
274,chocolate,food_drink,nouns,0.4101957322231361,0.42324541906515756,0.4217538134805087,0.38406332234541574,0.3766276866197586
275,coffee,food_drink,nouns,0.3293580410295519,0.33738679240147273,0.3514241714929712,0.32418405804140815,0.3230552049032573
276,coke,food_drink,nouns,0.0,0.0,0.0,0.0,0.1248994213839372
277,cookie,food_drink,nouns,0.3468311603727012,0.34215033054351807,0.35049069424470264,0.3584473103284836,0.3169166612128417
278,corn,food_drink,nouns,0.21833038384672895,0.2663195215165615,0.3156413856272896,0.3157578485707442,0.30716628935188056
279,cracker,food_drink,nouns,0.21292288627090125,0.24012633721376286,0.22756335344807854,0.21414642420907815,0.22100322109957535
280,donut,food_drink,nouns,0.19698556512594223,0.0,0.0,0.0,0.0
281,drink,food_drink,nouns,0.2843941522629133,0.31336870044469833,0.2775686027911993,0.30763107736905415,0.3026138626295945
282,egg,food_drink,nouns,0.21036693559338648,0.2685328605274359,0.25800863144298397,0.17007285642127196,0.15901631502241925
283,food,food_drink,nouns,0.29080998692661525,0.26879428532616845,0.2840615764260292,0.2758997065325578,0.2000854673056767
284,french_fries,food_drink,nouns,0.0,0.0,0.0,0.0,0.0
285,grapes,food_drink,nouns,0.0,0.0,0.0,0.0,0.0
286,green_beans,food_drink,nouns,0.0,0.0,0.0,0.0,0.0
287,gum,food_drink,nouns,0.20097688978744876,0.2293017426771777,0.24795600509753934,0.20607005084554356,0.2262170970439911
288,hamburger,food_drink,nouns,0.24082996970728823,0.36148296917478245,0.3344850867986679,0.3829265157381693,0.34725262920061745
289,ice,food_drink,nouns,0.18574441121569996,0.16733320206403732,0.17811631361643473,0.15191936949267984,0.17943171101311842
290,ice_cream,food_drink,nouns,0.0,0.0,0.0,0.0,0.0
291,jello,food_drink,nouns,0.0,0.32127889322823494,0.0,0.0,0.340777469092402
292,jelly,food_drink,nouns,0.30905731099432915,0.33349348679184915,0.3536446362733841,0.3305823509891828,0.37385978003342946
293,juice,food_drink,nouns,0.3471773337444355,0.35616081182298986,0.35450521590454237,0.36775285775462785,0.33356783873048323
294,lollipop,food_drink,nouns,0.27557779390078324,0.18120641194816148,0.26450749884049096,0.23526244957385392,0.24286571616927782
295,meat,food_drink,nouns,0.2599028257717346,0.3276722023884455,0.3271914115175605,0.32165465590854486,0.38702012250820794
296,melon,food_drink,nouns,0.0,0.0,0.0,0.0,0.0
297,milk,food_drink,nouns,0.3192543464487997,0.3383994291226069,0.32620988734837236,0.32501105815172193,0.3249847885221243
298,muffin,food_drink,nouns,0.32609630775238785,0.34815547366937,0.29456215232996075,0.3896619071563085,0.2578431711500061
299,noodles,food_drink,nouns,0.0,0.0,0.0,0.0,0.0
300,nuts,food_drink,nouns,0.24362914379814576,0.2264431469142437,0.2539167273147353,0.11096565528162594,0.1773470551189449
301,orange,food_drink,nouns,0.31348717842122603,0.35007485618879053,0.33923775253110916,0.20638967442015807,0.26423542098752384
302,pancake,food_drink,nouns,0.15836306790319774,0.2318230264916502,0.28046845123171804,0.28316595455010735,0.3247326938756581
303,peas,food_drink,nouns,0.0,0.0,0.0,0.0,0.0
304,peanut_butter,food_drink,nouns,0.0,0.0,0.0,0.0,0.0
305,pickle,food_drink,nouns,0.2953157510470461,0.30688605035344757,0.29499800978549595,0.3141786105930805,0.3269150160253048
306,pizza,food_drink,nouns,0.3423286660991866,0.25650425414953915,0.3033671774740877,0.3075473329116558,0.3277998315791289
307,popcorn,food_drink,nouns,0.0,0.0,0.0,0.0,0.0
308,popsicle,food_drink,nouns,0.18747381665385687,0.3389697326668378,0.19817710987159184,0.3025022769967715,0.24295227049753584
309,potato_chip,food_drink,nouns,0.0,0.0,0.0,0.0,0.0
310,potato,food_drink,nouns,0.40505001445611316,0.30400042049586773,0.32375842692523166,0.4117722457895676,0.4370268687605858
311,pretzel,food_drink,nouns,0.2949549973011017,0.30604586948951085,0.27130898287785904,0.0,0.2687226875588812
312,pudding,food_drink,nouns,0.3644645270602456,0.0,0.0,0.3327157510134081,0.3479040674865246
313,pumpkin,food_drink,nouns,0.11940183755583487,0.15964273773133755,0.34612422263515846,0.2961800252752645,0.3830496276418368
314,raisin,food_drink,nouns,0.2981988330682119,0.35901245623826983,0.3712269006917874,0.3228385425333319,0.3134259668489297
315,salt,food_drink,nouns,0.23362734578549862,0.2638059113303135,0.2178616363422147,0.25412914889554183,0.2891988332072894
316,sandwich,food_drink,nouns,0.3927965785066287,0.38912617286731455,0.3685058206319809,0.3841399962703387,0.3442873224616051
317,sauce,food_drink,nouns,0.39784274635643796,0.35923769899868757,0.3605982918292284,0.38620231424768764,0.39733616802199134
318,soda,food_drink,nouns,0.24316750453026206,0.3139617790778478,0.0,0.34124282052119576,0.3511178530752659
319,soup,food_drink,nouns,0.44268932212786427,0.42656821459531785,0.39907356140514216,0.4454801668380869,0.429755828777949
320,spaghetti,food_drink,nouns,0.3483099436451649,0.2813686016818573,0.3084376671661933,0.34322194159030917,0.27437218092381954
321,strawberry,food_drink,nouns,0.42208015719162567,0.3944421314944824,0.4132452830672264,0.2780410055071115,0.3721992841611306
322,toast,food_drink,nouns,0.29060257176558174,0.27751165936733113,0.2915808643246519,0.30727501809597013,0.27741250190883876
323,tuna,food_drink,nouns,0.0,0.1915190579369664,0.0,0.24054379041852622,0.3428493909537792
324,vanilla,food_drink,nouns,0.0,0.3328296589354674,0.32771606296300887,0.30113156189521156,0.3543781891465187
325,vitamins,food_drink,nouns,0.0,0.0,0.0,0.0,0.0
326,water,food_drink,nouns,0.21357739493250846,0.25481518246233464,0.2515686138950545,0.2506911584400925,0.203847744440039
327,yogurt,food_drink,nouns,0.415357503654628,0.35062878989967805,0.40632277776797615,0.3911458119750023,0.4063643271724383
328,basement,furniture_rooms,nouns,0.18637655708672746,0.15608145110309124,0.0,0.1091056128963828,0.0
329,bathroom,furniture_rooms,nouns,0.0,0.0,0.0,0.0,0.0
330,bathtub,furniture_rooms,nouns,0.0,0.0,0.0,0.0,0.0
331,bed,furniture_rooms,nouns,0.2668412908397872,0.2827413278321425,0.2821100849520277,0.2963497395916232,0.24363892698394402
332,bedroom,furniture_rooms,nouns,0.0,0.0,0.0,0.0,0.0
333,bench,furniture_rooms,nouns,0.09173600901184338,0.1428844432812184,0.14252747733283927,0.11369322407990694,0.0
334,chair,furniture_rooms,nouns,0.18569977401888796,0.1920248064522942,0.19581333400103554,0.16506444333742062,0.1417213430007299
335,closet,furniture_rooms,nouns,0.24440898783504963,0.28219626856346924,0.2978892079715071,0.18004362353434164,0.16112506349704095
336,couch,furniture_rooms,nouns,0.2444634443341658,0.2855202502881487,0.26618499752754965,0.22350293728522957,0.17260309507877664
337,crib,furniture_rooms,nouns,0.2377512377721292,0.19655366527537504,0.20340921620613542,0.2339710846543312,0.0
338,door,furniture_rooms,nouns,0.23300387014945348,0.26429338765641053,0.2408989761667005,0.2290667141477267,0.19306805517909856
339,drawer,furniture_rooms,nouns,0.273933052759746,0.2234965693205595,0.2782823318349464,0.223304341857632,0.2404047729447484
340,dryer,furniture_rooms,nouns,0.0,0.0,0.0,0.0,0.0
341,garage,furniture_rooms,nouns,0.2351541265224417,0.23641155332583805,0.22574755301078162,0.22765756448109944,0.1756976985239557
342,high_chair,furniture_rooms,nouns,0.0,0.0,0.0,0.0,0.0
343,kitchen,furniture_rooms,nouns,0.2270194174721837,0.24981259261923178,0.3036605466542573,0.2959375135600567,0.18461957406252621
344,living_room,furniture_rooms,nouns,0.0,0.0,0.0,0.0,0.0
345,oven,furniture_rooms,nouns,0.30826494122544923,0.29084444367166223,0.21270810106191143,0.3370242392023404,0.2693025826343468
346,play_pen,furniture_rooms,nouns,0.0,0.0,0.0,0.0,0.0
347,porch,furniture_rooms,nouns,0.0,0.24585156091328325,0.24076733571188202,0.0,0.0
348,potty,furniture_rooms,nouns,0.0,0.0,0.0,0.0,0.0
349,rocking_chair,furniture_rooms,nouns,0.0,0.0,0.0,0.0,0.0
350,refrigerator,furniture_rooms,nouns,0.24183315064372687,0.31096904091537,0.2637920167297125,0.27585354062418144,0.221363789960742
351,room,furniture_rooms,nouns,0.17690208991989492,0.16409242879599334,0.25353599930631704,0.20531627368181943,0.14728117653479178
352,shower,furniture_rooms,nouns,0.20043615865762587,0.22679030735577857,0.2096518953020374,0.2633093062788248,0.21270759249555654
353,sink,furniture_rooms,nouns,0.19736306114743155,0.20523629890133938,0.18806521091610193,0.19768396504223346,0.2146008748175769
354,sofa,furniture_rooms,nouns,0.21332572980059517,0.27562162255247435,0.18222615936840023,0.0,0.0
355,stairs,furniture_rooms,nouns,0.0,0.0,0.0,0.0,0.0
356,stove,furniture_rooms,nouns,0.21375060414097138,0.25549837574362755,0.23957843834470058,0.2509948894381523,0.15481051119665304
357,table,furniture_rooms,nouns,0.25210821881358114,0.2667534341072214,0.23426860477775335,0.23505279111365476,0.1916550682236751
358,tv,furniture_rooms,nouns,0.15823285339464402,0.1361325265839696,0.14993166274808603,0.1262756650025646,0.18775798240676522
359,window,furniture_rooms,nouns,0.19352577577034633,0.20612029532591503,0.1926563333099087,0.1935837338368098,0.18705818185518527
360,washing_machine,furniture_rooms,nouns,0.0,0.0,0.0,0.0,0.0
361,bath,games_routines,other,0.2240296284047266,0.22981070706413853,0.24756907334981057,0.22890668349533244,0.21751848219095596
362,breakfast,games_routines,other,0.3459956779562194,0.3219402384545122,0.34855647282353763,0.3078675089093546,0.2779677532214139
363,bye,games_routines,other,0.1293037723004818,0.12953970055761083,0.12028443564971288,0.11736380734613963,0.12864705347628505
364,call,games_routines,other,0.18988435073145504,0.1775998738904794,0.11834487515605158,0.13541514291588602,0.16916922523329656
365,dinner,games_routines,other,0.2994205107719734,0.2971569251136056,0.2721583794004151,0.3006409010539452,0.2308631273086316
366,give_me_five,games_routines,other,0.0,0.0,0.0,0.0,0.0
367,gonna_get_you,games_routines,other,0.0,0.0,0.0,0.0,0.0
368,go_potty,games_routines,other,0.0,0.0,0.0,0.0,0.0
369,hello,games_routines,other,0.2712793319175641,0.27598353209240095,0.20206204224377872,0.24158769976347685,0.24372596680014222
370,hi,games_routines,other,0.29427992330434233,0.23962236168207945,0.1845815680347956,0.17974381987005472,0.2110593505948782
371,lunch,games_routines,other,0.3042225819081068,0.2914707143125789,0.2679371643683006,0.28744617278377216,0.28126017925939684
372,nap,games_routines,other,0.18723516374205548,0.2604320691577319,0.2143717628248312,0.18900499874725937,0.2296199878056844
373,night_night,games_routines,other,0.0,0.0,0.0,0.0,0.0
374,no,games_routines,other,0.1850316429940554,0.2372904656721013,0.21522151082754135,0.18792770946255097,0.28822747697787626
375,pattycake,games_routines,other,0.178353297810715,0.0,0.0,0.0,0.0
376,peekaboo,games_routines,other,0.14673420301239407,0.16040317983976726,0.0,0.0,0.0
377,please,games_routines,other,0.14782183038602983,0.1546300063944525,0.1605281228268588,0.1547928148045622,0.15419722062846025
378,shh,games_routines,other,0.2037830140441656,0.18160132395810094,0.12473449414526974,0.19369996998769543,0.22623376003824747
379,shopping,games_routines,other,0.0,0.0,0.0,0.0,0.0
380,snack,games_routines,other,0.28067695567833967,0.3375206249284333,0.3045606444878825,0.19451841140786807,0.17976059342424075
381,so_big,games_routines,other,0.0,0.0,0.0,0.0,0.0
382,thank_you,games_routines,other,0.0,0.0,0.0,0.0,0.0
383,this_little_piggy,games_routines,other,0.0,0.0,0.0,0.0,0.0
384,turn_around,games_routines,other,0.0,0.0,0.0,0.0,0.0
385,yes,games_routines,other,0.30816950351886807,0.33182298733542365,0.34322299156337976,0.3015409328720786,0.36990289479494093
386,am,helping_verbs,function_words,0.0,0.0,0.0,0.0,0.0
387,are,helping_verbs,function_words,0.0,0.0,0.0,0.0,0.0
388,be,helping_verbs,function_words,0.26438974231481555,0.24703562073409557,0.1902238656207919,0.22003436647355556,0.18680830303180432
389,could,helping_verbs,function_words,0.3436815723262984,0.34500068401296935,0.30277268091837567,0.3588728604039976,0.30802034244074356
390,did,helping_verbs,function_words,0.0,0.0,0.0,0.0,0.0
391,do,helping_verbs,function_words,0.38138271247347194,0.38590951317123007,0.39623665504157546,0.392140730249661,0.4559121035315372
392,does,helping_verbs,function_words,0.0,0.0,0.0,0.0,0.0
393,dont,helping_verbs,function_words,0.0,0.0,0.0,0.0,0.0
394,gonna,helping_verbs,function_words,0.27467701139931494,0.3221476392613517,0.32979790620844474,0.30608421710452866,0.32366812157516295
395,gotta,helping_verbs,function_words,0.1997408483709608,0.2359365617426542,0.25960148215569834,0.2546380143612623,0.2743762310732294
396,hafta,helping_verbs,function_words,0.11382938652402824,0.12178700607425223,0.15061598643660545,0.15204429930007016,0.11588890098833612
397,is,helping_verbs,function_words,0.0,0.0,0.0,0.0,0.0
398,lemme,helping_verbs,function_words,0.0,0.0,0.0,0.0,0.0
399,need,helping_verbs,function_words,0.2032696652900556,0.2553573733727847,0.2060522890782782,0.24918172827788762,0.22763926959757147
400,try,helping_verbs,function_words,0.1874147882418973,0.25906494197746116,0.23498691990971565,0.22437954719724326,0.2946504378884003
401,wanna,helping_verbs,function_words,0.2753313553447907,0.25686684404981547,0.2351514883339405,0.3048070212504987,0.2641083137994563
402,was,helping_verbs,function_words,0.0,0.0,0.0,0.0,0.0
403,were,helping_verbs,function_words,0.0,0.0,0.0,0.0,0.0
404,will,helping_verbs,function_words,0.142441942195954,0.2323745439893433,0.1431962551238636,0.19107355120090339,0.17510997478304238
405,would,helping_verbs,function_words,0.0,0.0,0.0,0.0,0.0
406,basket,household,nouns,0.11222726196564477,0.1457632799943288,0.1417465432236592,0.1604731806864341,0.1302798374422959
407,blanket,household,nouns,0.2511334477790764,0.28220044669729694,0.22569873395065468,0.24858424644917249,0.19066296927630902
408,bottle,household,nouns,0.26455822879714624,0.2980185595651468,0.2648354201362683,0.1465681178184847,0.16692732325915632
409,bowl,household,nouns,0.21037911443874754,0.23694031511743863,0.20376954674720765,0.2126330078161996,0.17854254115372897
410,box,household,nouns,0.19587698501759562,0.19909599063297112,0.22343469115680661,0.18584752293924492,0.18604639607171217
411,broom,household,nouns,0.21396946082157747,0.18022421101729075,0.2141954475082457,0.1388633898148934,0.12494249970962604
412,brush,household,nouns,0.18163815692067145,0.20603372392555078,0.2140938252210617,0.23333936023215454,0.20892847843211274
413,bucket,household,nouns,0.22877304887931263,0.21152457800404778,0.2473194514002119,0.23652661417921383,0.17860691917353663
414,camera,household,nouns,0.16675675261233533,0.16846473527879552,0.15399614657307492,0.1637028820812702,0.10498248053093752
415,can,household,nouns,0.3461316352089246,0.37062319038579095,0.3656638394231382,0.2825143502226898,0.33383610665798186
416,clock,household,nouns,0.10688527440652251,0.1195870144613858,0.11133893238830156,0.12354502833137909,0.14359220078793064
417,comb,household,nouns,0.20007554709911346,0.18612888282923787,0.20560423359274865,0.17571953100462753,0.19002679529888877
418,cup,household,nouns,0.2698074283975142,0.2844938625549448,0.2748750037160413,0.2756801810244034,0.23257236344118912
419,dish,household,nouns,0.15792710809358235,0.2814731739461422,0.29612589403986933,0.18642027315994103,0.23895957770532575
420,fork,household,nouns,0.18563726530582816,0.19028050580929065,0.19297650506099065,0.21646957633395988,0.20273872589071593
421,garbage,household,nouns,0.21978292524300772,0.24011726627747218,0.2529201204406804,0.17988553810222396,0.18952121486266454
422,glass,household,nouns,0.16110369541610664,0.21920389283833833,0.13991672776896377,0.16827924196319333,0.18212197370206315
423,glasses,household,nouns,0.0,0.0,0.0,0.0,0.0
424,hammer,household,nouns,0.16933211536499962,0.17118556763010997,0.116846905524532,0.14493940537795424,0.12766084236403305
425,jar,household,nouns,0.3084354046089896,0.2390299763530493,0.2784098617422084,0.24858301480611164,0.2841666315992673
426,keys,household,nouns,0.0,0.0,0.0,0.0,0.0
427,knife,household,nouns,0.1511136643987681,0.1735971977037412,0.20826766074731431,0.1753399593755603,0.19168985163172086
428,lamp,household,nouns,0.1333769798554756,0.18641427544684247,0.1373463845146554,0.1445398977957666,0.13296511862426996
429,light,household,nouns,0.16717201474654889,0.1730550625671943,0.2224376893291871,0.16537762597824138,0.18003456182777883
430,medicine,household,nouns,0.1010857792571187,0.12571767720811325,0.10030173736491374,0.1452653723458449,0.10724159943804677
431,money,household,nouns,0.15614591232900107,0.18191085613022248,0.20469644173447574,0.22489776586492857,0.21660921052098275
432,mop,household,nouns,0.18832868917120826,0.1458420938413058,0.0,0.0,0.12853779358168443
433,nail,household,nouns,0.11919086752459407,0.17321483401098736,0.21029180634234632,0.1142078840173781,0.17414311356842518
434,napkin,household,nouns,0.2301803289779595,0.29018722634230343,0.24492928308659587,0.21012859245141347,0.28053202231725055
435,paper,household,nouns,0.19483825185646614,0.21901675069640422,0.20936411657723888,0.1945947052290042,0.18772775040318568
436,penny,household,nouns,0.13145503494888544,0.15085152382480688,0.2005446094398697,0.23782212883234025,0.20520508512854577
437,picture,household,nouns,0.15414518490433693,0.15401158047219118,0.12517463928088546,0.17739730309695007,0.12409406071849938
438,pillow,household,nouns,0.2686454394300069,0.2939060104304346,0.2823489169279734,0.2514574365069469,0.22452970388634452
439,plant,household,nouns,0.1278796412436099,0.14132610975454252,0.1651347190141678,0.12615570550163588,0.14448452837144335
440,plate,household,nouns,0.16779492255942574,0.17698274257368055,0.18308324714501698,0.1779655580719312,0.20970105826854707
441,purse,household,nouns,0.1868517846489946,0.1986352227628231,0.1275490928441286,0.20248596196373303,0.0
442,radio,household,nouns,0.10762718130302217,0.11982580826928219,0.10297542853901784,0.08265163901572427,0.1472986810323265
443,scissors,household,nouns,0.20143163563876315,0.22324753951813495,0.21997616009722495,0.20202203188091516,0.19692822818954786
444,soap,household,nouns,0.20030568084069367,0.20989514303704102,0.16775106837352116,0.22404577219858765,0.13985114830679127
445,spoon,household,nouns,0.28630813136696814,0.33812430234892027,0.322090852757295,0.3094132304191589,0.3618088164206209
446,tape,household,nouns,0.10835219826549292,0.11765868719667197,0.11836090947276559,0.1341955701916896,0.10224815881971655
447,telephone,household,nouns,0.15181476612841444,0.12387887568523487,0.08507613394537876,0.1454084699909235,0.13391143667201202
448,tissue,household,nouns,0.12578216437915607,0.1753179396920163,0.14514549683641503,0.1259941603988409,0.17951618290195862
449,toothbrush,household,nouns,0.0,0.0,0.0,0.0,0.0
450,towel,household,nouns,0.2730628783504168,0.3110384478651244,0.2820713498762676,0.26925003888706367,0.24190741777420044
451,trash,household,nouns,0.19349879243721566,0.20384749621152878,0.23567824399676815,0.1771314999088645,0.1738580991824468
452,tray,household,nouns,0.24034232922174312,0.2744119246972018,0.18419583284606536,0.2653076303501924,0.22038605523606142
453,vacuum,household,nouns,0.0874319926276803,0.08019591110448042,0.15204311460898867,0.11092256131614077,0.0
454,walker,household,nouns,0.0,0.0,0.0,0.0,0.0
455,watch,household,nouns,0.11817088787658857,0.18610343799508852,0.19518511921167372,0.20326848725477856,0.18203387489276274
456,about,locations,function_words,0.20850273008857453,0.18327052788487797,0.15062399498290485,0.14495673004923196,0.19358249860150473
457,above,locations,function_words,0.1260440855845809,0.10383379054737502,0.13692930173128842,0.1566815433402856,0.12369283996522426
458,around,locations,function_words,0.13294033107480832,0.1742668434701584,0.16342237758739242,0.15975403115153314,0.14455850332461553
459,at,locations,function_words,0.13811678695492446,0.13482248376434047,0.14712433441093675,0.1372865505649575,0.1447247650607356
460,away,locations,function_words,0.17448533775991407,0.18487987410405587,0.2323830224059779,0.21717539140289382,0.16187516304439512
461,back,locations,function_words,0.24720596577282306,0.23038385911234494,0.24878683113134825,0.18077836078233445,0.2913743797047385
462,behind,locations,function_words,0.14252191348450965,0.17200693860650063,0.17823001756160348,0.12182525955140591,0.13233628053346586
463,beside,locations,function_words,0.20412464892225607,0.18759261417601789,0.15360480522116024,0.18099091728699618,0.13600761583074927
464,by,locations,function_words,0.05676894544934233,0.056525625536839166,0.061884266623694985,0.04893658971735116,0.02984995182071413
465,down,locations,function_words,0.18252884044691367,0.2052152968943119,0.20585686520769678,0.18612503769497077,0.2394447250774613
466,for,locations,function_words,0.19971134821916448,0.2384088945388794,0.19311706578502288,0.19411103327625565,0.22242892812937498
467,here,locations,function_words,0.23065051946927,0.2327447277135574,0.22766214859639777,0.19151930668606207,0.24919165912325736
468,inside,locations,function_words,0.17915730444448336,0.21485864876636437,0.19722319159794738,0.1883540357152621,0.1829349182546139
469,into,locations,function_words,0.17119112238287926,0.14453048458588974,0.18454829073296145,0.2168675659802453,0.21503658785388388
470,next_to,locations,function_words,0.0,0.0,0.0,0.0,0.0
471,of,locations,function_words,0.0,0.0,0.0,0.0,0.0
472,off,locations,function_words,0.20100345738508082,0.2070027565849679,0.19901311956346035,0.1803343447631803,0.19630029880338246
473,on,locations,function_words,0.19968003872781992,0.1938232977150215,0.19164224914102643,0.2183886895439139,0.23974019151043008
474,on_top_of,locations,function_words,0.0,0.0,0.0,0.0,0.0
475,out,locations,function_words,0.21503150795719453,0.2155761506793828,0.24112484842538834,0.28646257599549635,0.26999366504174693
476,over,locations,function_words,0.1617552821452801,0.12222126061813189,0.145861544999583,0.16956375987717398,0.14198623995842605
477,there,locations,function_words,0.27960272661099833,0.27818019895886,0.251148524797625,0.23208716665876322,0.30052203795424215
478,to,locations,function_words,0.0,0.0,0.0,0.0,0.0
479,under,locations,function_words,0.12083394180185028,0.10899560239964298,0.1368492422280488,0.07739628686880072,0.08274676195449299
480,up,locations,function_words,0.1814274714681609,0.2013590251406034,0.17939893728388207,0.16367710767121152,0.234685895619569
481,with,locations,function_words,0.2020540701535841,0.17324418707617692,0.12573191131066,0.14920241096667175,0.205978343084168
482,one,number,other,0.270611898707492,0.26410816455709524,0.27540210743659527,0.17339096732180695,0.2228058299113964
483,two,number,other,0.3504151356096069,0.4690419499730242,0.39204276297241447,0.41817236691713333,0.35931704510003326
484,three,number,other,0.4090487230569124,0.5139851248341387,0.41882485022832605,0.5099796399474144,0.5168581110735734
485,four,number,other,0.3983994523684184,0.534807069034412,0.4571225962912043,0.48679036771257717,0.541516676855584
486,five,number,other,0.4233850914984941,0.5610007246763542,0.4781995480880141,0.5806607643763224,0.5618012143919865
487,six,number,other,0.3971752430933217,0.5351075636030271,0.48334519226724904,0.5112849220633506,0.5163714164867997
488,seven,number,other,0.39904069461238884,0.5346931045682266,0.4804979731039754,0.5052513543516397,0.5135104113568862
489,eight,number,other,0.3817032495513558,0.5212054623868959,0.5055376637727023,0.5102580158660809,0.5382373041162888
490,nine,number,other,0.36662303991615774,0.49851572905378094,0.4497828510279457,0.500338589772582,0.49835689601798855
491,ten,number,other,0.3672251525024573,0.5326319546278181,0.48194561079144477,0.5879150244096915,0.5659320415308078
492,eleven,number,other,0.3652609092493852,0.5482031184023824,0.5026267924956207,0.593506254007419,0.5781082826356093
493,twelve,number,other,0.3428418030962348,0.5127301710047598,0.4998327542717258,0.5486642354478438,0.5233461899061997
494,thirteen,number,other,0.0,0.516032500642127,0.4744153794211646,0.5548212716976801,0.5595480127260088
495,fourteen,number,other,0.0,0.5220810223756165,0.5154544760162632,0.5863212409739693,0.5943869729836782
496,fifteen,number,other,0.3714483119547367,0.5256730472219402,0.5082141227399309,0.589889399210612,0.5623161374901732
497,sixteen,number,other,0.0,0.5285490674191508,0.444129077407221,0.5368940021842719,0.5197239222625891
498,seventeen,number,other,0.0,0.0,0.34466846864670514,0.5654017398754756,0.5560888715709249
499,eighteen,number,other,0.0,0.5210009649684973,0.34959088504935304,0.5693181981643041,0.5570345918337504
500,nineteen,number,other,0.0,0.5088589179875522,0.48692985673745476,0.5548161253953974,0.5170317858457565
501,twenty,number,other,0.3443347261597713,0.533873217501517,0.48945205633838973,0.5908050399273634,0.5809233287970225
502,thirty,number,other,0.34324869854996604,0.531520950009248,0.45916465650601634,0.5881592432657877,0.5698065214479963
503,forty,number,other,0.0,0.5108909964047629,0.45922814880808194,0.5760286989932258,0.5084530188391606
504,fifty,number,other,0.0,0.47339498990311707,0.4325039347890636,0.547072870284319,0.45879893116652964
505,sixty,number,other,0.0,0.0,0.0,0.5744362675895294,0.5288754040996234
506,seventy,number,other,0.0,0.0,0.0,0.5567282024770975,0.46245455630123616
507,eighty,number,other,0.0,0.0,0.0,0.5435836220781008,0.46742582668860755
508,ninety,number,other,0.0,0.0,0.36796388973792393,0.480858492727081,0.36138144160310426
509,zero,number,other,0.0,0.15309359467235104,0.13629992441113653,0.1473271147037546,0.16183805813392002
510,backyard,outside,nouns,0.0,0.0,0.0,0.0,0.0
511,cloud,outside,nouns,0.10930085775476915,0.15468188524246215,0.16076500366131466,0.14307235383118191,0.12106814688264296
512,flag,outside,nouns,0.059194089034977165,0.058529796389242016,0.11271277628839016,0.11932098502293229,0.09506217685217659
513,flower,outside,nouns,0.2546234879908817,0.28780461524923645,0.2636857564250628,0.2159034982965938,0.18323115843037766
514,garden,outside,nouns,0.2000288494207241,0.17917080235977967,0.23113439939916133,0.17951740560432275,0.1585636938522969
515,grass,outside,nouns,0.18970876254526706,0.20926641672849655,0.233569831152757,0.18074584566056728,0.1986043256675375
516,hose,outside,nouns,0.15785508416593075,0.2541316822171211,0.1996972138254807,0.1659572573999564,0.0
517,ladder,outside,nouns,0.19144539645424596,0.1994263891130686,0.20812891659637292,0.18411940541118382,0.16067209256192047
518,lawn_mower,outside,nouns,0.0,0.0,0.0,0.0,0.0
519,moon,outside,nouns,0.17011843552743947,0.1806381712667644,0.2459591249624888,0.19313939089576404,0.15222983691712905
520,pool,outside,nouns,0.1844969544045884,0.18991665473828714,0.19509046481301387,0.15227446674058834,0.14065348332126934
521,rain,outside,nouns,0.16915869166881875,0.22309010227521262,0.2136528531089425,0.16573800146579742,0.1968489508661959
522,rock,outside,nouns,0.13452840968966484,0.12683351015051206,0.1297915013314321,0.14459971164663632,0.13295281970252593
523,roof,outside,nouns,0.1254670315135557,0.21993655133992435,0.2284569836842517,0.1749398841833075,0.171689714367191
524,sandbox,outside,nouns,0.0,0.0,0.0,0.0,0.0
525,shovel,outside,nouns,0.21655678369656758,0.21353227696542082,0.19791867770254612,0.17517197045187155,0.0
526,sidewalk,outside,nouns,0.0,0.2237146983544032,0.1343266268571218,0.2180006094276905,0.17401885050016322
527,sky,outside,nouns,0.23310908036572592,0.2371660863359769,0.2317563571035862,0.21930889710783957,0.1858278440932433
528,slide,outside,nouns,0.1419037232368157,0.2019826831916968,0.18322327956557274,0.18109463428457578,0.11247334838041971
529,snow,outside,nouns,0.1326180582579512,0.2337517485022545,0.21871668361127378,0.18349348629514375,0.22543795630335808
530,snowman,outside,nouns,0.0,0.0,0.0,0.0,0.0
531,sprinkler,outside,nouns,0.0,0.0,0.0,0.0,0.0
532,star,outside,nouns,0.10227575827389955,0.09798909931754073,0.13187814895063638,0.08281683617581924,0.07382890479639173
533,stick,outside,nouns,0.19651985740555183,0.22541277393184858,0.20243519717561348,0.22921085245907308,0.1880722781964417
534,stone,outside,nouns,0.13166367150843145,0.15698581805516934,0.12701349320511024,0.1477306999009231,0.14700718161960444
535,street,outside,nouns,0.19092598846503372,0.20339223723858596,0.1731101216127475,0.16422761200616756,0.18085010759532452
536,sun,outside,nouns,0.19161239316066106,0.23269543598095577,0.2566225570936998,0.1812808256285886,0.19463980135818323
537,swing,outside,nouns,0.1378037801478058,0.1600484020751098,0.14535423666238784,0.18469341676682233,0.17884176721175513
538,tree,outside,nouns,0.24795391962484079,0.22847154479602289,0.2685788276294867,0.20804712305155892,0.20236493505794426
539,wind,outside,nouns,0.1442783505966266,0.16322009271631638,0.1620597518980503,0.1705277994275093,0.1574620224535465
540,aunt,people,other,0.14864947005278534,0.3127128342511477,0.23881172502620351,0.32382488027215006,0.27967439299183233
541,baby,people,other,0.30563903958709154,0.3026006242324566,0.3403903187976943,0.29768288045607766,0.18012398646937477
542,babysitter,people,other,0.0,0.0,0.0,0.0,0.0
543,boy,people,other,0.1761190348437854,0.20150288187995039,0.2112280007983957,0.28177221758025034,0.18650843513776258
544,brother,people,other,0.24127609389168875,0.29767868500845185,0.31909928979972996,0.3530973228786526,0.36914472337122317
545,child,people,other,0.1340149505031777,0.24225242969890434,0.21055704034094153,0.22911229549596707,0.16740692483967748
546,clown,people,other,0.14907222025096417,0.200308009849063,0.19824832907567422,0.17374116062585795,0.1815037179738283
547,cowboy,people,other,0.0,0.0,0.0,0.0,0.0
548,daddy,people,other,0.2907540100411727,0.25746128694819553,0.2868364932084525,0.240372171998024,0.32522081225537336
549,doctor,people,other,0.10827249038065302,0.1966810731350311,0.19603127184590058,0.18640052005648614,0.17327101605719533
550,fireman,people,other,0.0,0.0,0.0,0.0,0.0
551,friend,people,other,0.19615726375819317,0.23815916739404203,0.2993938772628705,0.25502408609415095,0.22858944304030518
552,girl,people,other,0.17490324299209392,0.2400955354311952,0.2517264748790434,0.29166599671388493,0.2333375750730435
553,grandma,people,other,0.0,0.0,0.0,0.0,0.0
554,grandpa,people,other,0.0,0.0,0.0,0.0,0.0
555,lady,people,other,0.1313240699070905,0.15146977199862402,0.19691922502784892,0.18818900883197784,0.19613659431536992
556,mailman,people,other,0.0,0.0,0.0,0.0,0.0
557,man,people,other,0.11721987996635766,0.1346270943681399,0.16936314237062577,0.17280371369862998,0.20127548209081095
558,mommy,people,other,0.3349364519119263,0.3064080738910922,0.29307743824190563,0.2941992736325182,0.2738572804687115
559,nurse,people,other,0.09151459886477543,0.18231422567207897,0.1051791521188404,0.11108229809130231,0.08010346076140801
560,people,people,other,0.0,0.0,0.0,0.0,0.0
561,person,people,other,0.15862663249884332,0.16260270401835442,0.13222333593294025,0.16649997780720394,0.19613159974587374
562,police,people,other,0.16332147008290998,0.16063248867104793,0.1772775556271275,0.1449819019685189,0.10747188975413641
563,sister,people,other,0.1765637575407271,0.27545762101986576,0.27247963434663314,0.38219377243270475,0.30965525849855374
564,teacher,people,other,0.0,0.0,0.0,0.0,0.0
565,uncle,people,other,0.15015574876704943,0.30685497765782577,0.24393826990077894,0.28701012193535763,0.24528643813122203
566,beach,places,other,0.17846005993584793,0.22493392564356327,0.2427711060891549,0.19879237699011962,0.18105729371309282
567,camping,places,other,0.0,0.0,0.0,0.0,0.0
568,church,places,other,0.0,0.14504776808122793,0.13394017949079473,0.15188326941182215,0.1574786103748042
569,circus,places,other,0.10231521360289592,0.16083934120833873,0.16766360824306806,0.16942308551321428,0.16918238509317923
570,country,places,other,0.0,0.1210239530940141,0.1310319369348387,0.18641877733170986,0.13650615041454633
571,downtown,places,other,0.0,0.0,0.0,0.0,0.1101438185820977
572,farm,places,other,0.2011914333113684,0.20347097292542457,0.2210424390931924,0.11473284180051294,0.15461092752714953
573,gas_station,places,other,0.0,0.0,0.0,0.0,0.0
574,home,places,other,0.127327788900584,0.20366618707776069,0.17750036716461182,0.16700141044954459,0.1854192599343757
575,house,places,other,0.22209634259343147,0.2512042793134848,0.2701728002478679,0.16960294395685196,0.17415841581920782
576,movie,places,other,0.11072146760877864,0.15122387893497943,0.15676110989103714,0.19687031234304112,0.1368169342649394
577,outside,places,other,0.14150911983516481,0.145786042449375,0.14906408041715621,0.15398456994444132,0.18582672122865915
578,park,places,other,0.20911251966442382,0.2378124692316713,0.24655413658668598,0.19613818662861984,0.24821267997225124
579,party,places,other,0.11099034361541271,0.14258620205024877,0.11649079274000793,0.12630006168037652,0.11391964272285501
580,picnic,places,other,0.1563368676330096,0.24809998522202173,0.22359601626622266,0.2044362135231495,0.12551523234557221
581,playground,places,other,0.0,0.0,0.0,0.0,0.0
582,school,places,other,0.160210287074248,0.1675787091255188,0.17056563086807727,0.16767811986307304,0.20490250860651335
583,store,places,other,0.19403275077541668,0.22017667519635167,0.26168673324088254,0.20581776301066082,0.20411377660930158
584,woods,places,other,0.0,0.0,0.0,0.0,0.0
585,work,places,other,0.1412440286949277,0.15282267176856598,0.12161242473742058,0.1382063326736291,0.16562310413553796
586,yard,places,other,0.1468029605417416,0.12989379772916437,0.14807685638467472,0.13039697321752708,0.13677778989076614
587,zoo,places,other,0.2558722115570196,0.23986964110905926,0.22324877120554448,0.22707153124113877,0.21833336918304364
588,he,pronouns,function_words,0.2800809257374755,0.2648831008580224,0.25252029470478493,0.20143574848771095,0.28745320765301585
589,her,pronouns,function_words,0.27349168062210083,0.2823630470644545,0.2808779813349247,0.2778469881942046,0.3061463005012936
590,hers,pronouns,function_words,0.14847575725677112,0.18538443011970357,0.1437230385516001,0.1352478134756287,0.14465820230543613
591,him,pronouns,function_words,0.30872939784939474,0.3124873117854198,0.30933583873723236,0.35186443637524334,0.318731103092432
592,his,pronouns,function_words,0.2348973573400424,0.22853394311949096,0.2570111161718766,0.21365477020541826,0.1883037677699966
593,i,pronouns,function_words,0.1878156667125636,0.2140175500884652,0.16973426934474936,0.19986340097550834,0.21983367204666138
594,it,pronouns,function_words,0.3784206979549848,0.3304506953934143,0.3185596626996994,0.3057265794621064,0.37569073615250764
595,me,pronouns,function_words,0.34072035866288036,0.34040077570183525,0.3327124531247786,0.32471332103013995,0.3305956861669464
596,mine,pronouns,function_words,0.07826607105218703,0.12098659440875054,0.09865821135992353,0.093473838918187,0.10787325052544475
597,my,pronouns,function_words,0.2297549904882908,0.3196223722054408,0.28254331315734554,0.29997107823347224,0.3005331169281687
598,myself,pronouns,function_words,0.14117131163847857,0.21371568789084752,0.22629338957369327,0.16455413674314817,0.16186013209323089
599,our,pronouns,function_words,0.179129466557732,0.1898436046072415,0.1943289757031819,0.1504592712133609,0.15787791011148486
600,she,pronouns,function_words,0.2638249145820737,0.32568642248709995,0.29842382576316595,0.29377930677895037,0.30986623666607416
601,that,pronouns,function_words,0.24486817632402694,0.31224716110871387,0.28201025282895126,0.2175323253290521,0.28579480022192
602,their,pronouns,function_words,0.11540057380417627,0.270100096585574,0.2319137736090592,0.18186863229192538,0.24013062001302324
603,them,pronouns,function_words,0.2470908798277378,0.36513595948261873,0.2728254142403603,0.2917616739869118,0.2876241000304962
604,these,pronouns,function_words,0.1883383701658911,0.2872407389459787,0.20407484547683485,0.2519028780085069,0.26096113038559754
605,they,pronouns,function_words,0.31265201502376133,0.31497006837663977,0.3141329527044526,0.3150924899216209,0.32983620602775504
606,this,pronouns,function_words,0.26952533636774334,0.2256412265750651,0.2675837339074523,0.2307448821073329,0.24964455089398793
607,those,pronouns,function_words,0.20788854188643968,0.22919300571084023,0.22553097689524293,0.21179466804972402,0.25360832066723593
608,us,pronouns,function_words,0.18178494236078754,0.23346001530687013,0.2157410750431674,0.19224120573750858,0.197922883422247
609,we,pronouns,function_words,0.27686970732335386,0.3101001063791605,0.2879937459473257,0.2807503254634553,0.2796115774794349
610,you,pronouns,function_words,0.34854654610157015,0.36630045539802975,0.35104550669590634,0.3575894760674444,0.3693793983413623
611,your,pronouns,function_words,0.22060518656615857,0.2616989768489643,0.24616805535669511,0.2721201961239179,0.23595974131904798
612,yourself,pronouns,function_words,0.15327538287749998,0.19907356407493354,0.20461436215302217,0.15116512351508798,0.1806465902676185
613,a,quantifiers,function_words,0.0,0.0,0.0,0.0,0.0
614,all,quantifiers,function_words,0.2350916936993599,0.2755260445691388,0.2917027840247521,0.26304174642320033,0.3345841336995363
615,a_lot,quantifiers,function_words,0.0,0.0,0.0,0.0,0.0
616,an,quantifiers,function_words,0.0,0.0,0.0,0.0,0.0
617,another,quantifiers,function_words,0.15727499858648689,0.16097192953412348,0.20867764663237792,0.2243707917373756,0.21482012009826199
618,any,quantifiers,function_words,0.20630106595517309,0.2712306370958686,0.31120292089879514,0.2380575155839324,0.32589526514389683
619,each,quantifiers,function_words,0.14983555805627946,0.22755554119317695,0.17670393696632877,0.2739880306581999,0.2789084054529667
620,every,quantifiers,function_words,0.174156135654655,0.20080340992925422,0.1710206611481096,0.22743003020683925,0.1476268646275175
621,more,quantifiers,function_words,0.07856884813899624,0.14961096817361458,0.1262345489597431,0.16165218571269954,0.18165317581345639
622,much,quantifiers,function_words,0.20094063372484275,0.21569514929734426,0.18194933139063693,0.18769561071638707,0.22057813530166945
623,none,quantifiers,function_words,0.07902004396350219,0.09527764549212796,0.061978924267280563,0.12099471536154548,0.1207758485029141
624,not,quantifiers,function_words,0.38495522814578026,0.37483379902939,0.3850031417829019,0.37107335570557365,0.3536073104317846
625,other,quantifiers,function_words,0.16227926220744848,0.1904332634460713,0.20531968253531627,0.20260154704252878,0.1818599788279369
626,same,quantifiers,function_words,0.15634068601454298,0.19051187559962274,0.17934220420817534,0.20185378785910352,0.18887582459840283
627,some,quantifiers,function_words,0.12919412460178137,0.13390588028622524,0.12919838846262013,0.14643908118636445,0.1777387044525572
628,the,quantifiers,function_words,0.29268405664091307,0.28563929225007695,0.24978228976639608,0.27356783190259226,0.31648310818351233
629,too,quantifiers,function_words,0.3244154599720034,0.32529544887634426,0.3317770826871748,0.32314867332577707,0.3561779178146805
630,how,question_words,function_words,0.22266412876546382,0.28055085363829957,0.23893467375698188,0.2595969488700995,0.29609087000376194
631,what,question_words,function_words,0.2457148625894829,0.25384494867175816,0.24618763566530985,0.27508543484977316,0.25800225774532765
632,when,question_words,function_words,0.27210132017110783,0.28203632522906574,0.31058620458299463,0.30208204879804895,0.25289960785044563
633,where,question_words,function_words,0.2296449012309313,0.24528960083369855,0.23601019648568972,0.2365254981926194,0.23606873509185067
634,which,question_words,function_words,0.12836590881148974,0.1474577052326038,0.16545145232872716,0.12692023710244232,0.15728142992432775
635,who,question_words,function_words,0.13167132726973957,0.1370780071509736,0.14637019112706184,0.06740318043157459,0.09454009562198605
636,why,question_words,function_words,0.2605716581973765,0.27300283643934464,0.2217482328414917,0.26463852643966673,0.2798973022511712
637,baa_baa,sounds,other,0.0,0.0,0.0,0.0,0.0
638,choo_choo,sounds,other,0.0,0.0,0.0,0.0,0.0
639,cockadoodledoo,sounds,other,0.0,0.0,0.0,0.0,0.0
640,grrr,sounds,other,0.0,0.0,0.0,0.0,0.0
641,meow,sounds,other,0.320726389227354,0.270707493198329,0.2183629547059536,0.21353292423817846,0.21126724285288498
642,moo,sounds,other,0.2833637100458145,0.2724363557223616,0.1678048608203729,0.20874401437037665,0.13437966283025413
643,ouch,sounds,other,0.2889364193237963,0.27144952519581866,0.28825451488848086,0.2473959640910228,0.20413344207086734
644,quack_quack,sounds,other,0.2856380498409271,0.0,0.0,0.0,0.0
645,uh_oh,sounds,other,0.0,0.0,0.0,0.0,0.0
646,vroom,sounds,other,0.22641734820273188,0.1959397938501622,0.12467194058828884,0.0,0.0
647,woof_woof,sounds,other,0.3839199599765596,0.0,0.0,0.0,0.0
648,yum_yum,sounds,other,0.0,0.0,0.0,0.0,0.0
649,after,time_words,other,0.17663442125094347,0.18075230824095861,0.2470662116206118,0.17490923000050002,0.18254076366623243
650,before,time_words,other,0.2109171283741792,0.23891872015816193,0.30251188300274034,0.16950633974167809,0.2091464751958847
651,day,time_words,other,0.21608048950188927,0.2471701924999555,0.2381283017496268,0.23852372206747532,0.2868048484126727
652,later,time_words,other,0.13928091892351707,0.13979073376234236,0.15643712629874548,0.12337610991671681,0.11853019697270517
653,morning,time_words,other,0.21383921869484515,0.25587943236654004,0.29281504407268144,0.193584708062311,0.24578388606508572
654,night,time_words,other,0.19057955097274057,0.21249962907991019,0.3010273675980239,0.1797309416035811,0.26501942879209917
655,now,time_words,other,0.21924903965555131,0.2522950810022079,0.19294623404063962,0.25914062835276125,0.23825394018338278
656,time,time_words,other,0.21371072394152482,0.2364060571738358,0.2640883995798127,0.2407927457243204,0.23528492502097426
657,today,time_words,other,0.13753600362688304,0.11920724879018962,0.12216139475590196,0.12964396079381307,0.18771297725495592
658,tomorrow,time_words,other,0.2061421327292919,0.17058762802003785,0.2176725327936483,0.23430837411433458,0.26938532007237276
659,tonight,time_words,other,0.1744249619800469,0.166972031550748,0.2039757277816534,0.16272975839674472,0.18713347138515835
660,yesterday,time_words,other,0.07368621141649782,0.09834046488893884,0.06170556517317891,0.12542634805043537,0.19401907162933513
661,ball,toys,nouns,0.23439257951187237,0.2527971475802619,0.19221720670660336,0.191183028742671,0.20352122274537882
662,balloon,toys,nouns,0.11717774412993874,0.14009383327017227,0.1644016493111849,0.1584125858731568,0.10557298644756277
663,bat,toys,nouns,0.17082366502533355,0.11603221233034956,0.18773278793127374,0.1776420106490453,0.17366084158420564
664,block,toys,nouns,0.11128832939369925,0.09233925009852853,0.10040205890933672,0.09826380206892887,0.11669340680042903
665,book,toys,nouns,0.1288997424999252,0.16624755095690488,0.13282472224285205,0.16961016803979873,0.16779331378638745
666,bubbles,toys,nouns,0.0,0.0,0.0,0.0,0.0
667,chalk,toys,nouns,0.0,0.1366530747377667,0.13945659005950237,0.1800885004301866,0.18500502574546585
668,crayon,toys,nouns,0.2116064833284452,0.20562786409824058,0.24199773091822863,0.24098728535075983,0.2542457306136688
669,doll,toys,nouns,0.22873520163389352,0.2559215365046704,0.25535402739686625,0.18685844407549926,0.1695076715971889
670,game,toys,nouns,0.15603101147072657,0.18343833858768147,0.18608950059860946,0.19162280478825172,0.19641709638138613
671,glue,toys,nouns,0.15576235509167116,0.19535681711775915,0.1934527855504442,0.19592050289114316,0.19785901283224425
672,pen,toys,nouns,0.19901444700857004,0.14690005965530872,0.20707916302813423,0.19316406861568491,0.2041535365084807
673,pencil,toys,nouns,0.21673091609030962,0.2694670252245048,0.25722264711345943,0.2650965033719937,0.29191930647939446
674,play_dough,toys,nouns,0.0,0.0,0.0,0.0,0.0
675,present,toys,nouns,0.0824584506195167,0.08886288696279128,0.06510015939972524,0.0918062616760532,0.0853666190057993
676,puzzle,toys,nouns,0.12992477448036274,0.13779561157370435,0.157718201354146,0.1634950241073966,0.13089965116874924
677,story,toys,nouns,0.12845797384423868,0.17381404377520085,0.16906198126574357,0.154407701579233,0.17207036738594372
678,toy,toys,nouns,0.153855978800305,0.15220119326064985,0.15232195425778627,0.1685939905544122,0.16010249300549428
679,airplane,vehicles,nouns,0.22226982404078757,0.24901387648036083,0.21247760367890198,0.2394134011119604,0.19160713473784513
680,bicycle,vehicles,nouns,0.2700471768219923,0.3113554476449887,0.2647020186072794,0.24100782526656986,0.18090043223366656
681,boat,vehicles,nouns,0.1790284439921379,0.2349477010468642,0.23401081040501595,0.23037899980942408,0.16381474550192554
682,bus,vehicles,nouns,0.16647829953581095,0.27645619598955945,0.2889354405924678,0.2922227060229614,0.24176577106118202
683,car,vehicles,nouns,0.3109053512071741,0.3608048054079215,0.3368608470385273,0.32967580066372953,0.2613531009390436
684,firetruck,vehicles,nouns,0.0,0.0,0.0,0.0,0.0
685,helicopter,vehicles,nouns,0.17348862260028167,0.19635770910729963,0.24823575091237823,0.15404709152363497,0.0
686,motorcycle,vehicles,nouns,0.24236250636649542,0.2996471654002865,0.2408165847217398,0.24936845805495977,0.0
687,sled,vehicles,nouns,0.0,0.18578794822096825,0.18399415467062902,0.0,0.13111964954684177
688,stroller,vehicles,nouns,0.0,0.0,0.0,0.0,0.0
689,tractor,vehicles,nouns,0.19428888929943586,0.23245571305354437,0.27015748594341604,0.19959003962576388,0.0
690,train,vehicles,nouns,0.22222497237139735,0.24548217095434666,0.2870648520688216,0.2148198182384173,0.167506517128398
691,tricycle,vehicles,nouns,0.17468735203146935,0.2429413679987192,0.17935876513796825,0.16450457001725832,0.0
692,truck,vehicles,nouns,0.3186718948185444,0.2956743861238162,0.30509845117727913,0.3260835977892081,0.22066870967059263
